file,line,type,commit,author,date,time,timezone,datetime,depth,length
style.css,1,css,254bc527,M3lvinzz,2025-04-11,19:39:09,-07:00,2025-04-11T19:39:09-07:00,0,4
style.css,2,css,254bc527,M3lvinzz,2025-04-11,19:39:09,-07:00,2025-04-11T19:39:09-07:00,1,34
style.css,3,css,254bc527,M3lvinzz,2025-04-11,19:39:09,-07:00,2025-04-11T19:39:09-07:00,1,32
style.css,4,css,17761975,M3lvinzz,2025-04-18,04:44:21,-07:00,2025-04-18T04:44:21-07:00,1,23
style.css,5,css,254bc527,M3lvinzz,2025-04-11,19:39:09,-07:00,2025-04-11T19:39:09-07:00,0,0
style.css,6,css,254bc527,M3lvinzz,2025-04-11,19:39:09,-07:00,2025-04-11T19:39:09-07:00,0,0
style.css,7,css,0850e583,M3lvinzz,2025-04-02,00:28:04,-07:00,2025-04-02T00:28:04-07:00,0,4
style.css,8,css,254bc527,M3lvinzz,2025-04-11,19:39:09,-07:00,2025-04-11T19:39:09-07:00,1,23
style.css,9,css,254bc527,M3lvinzz,2025-04-11,19:39:09,-07:00,2025-04-11T19:39:09-07:00,1,15
style.css,10,css,00000000,Not Committed Yet,2025-05-10,19:01:00,-07:00,2025-05-10T19:01:00-07:00,1,18
style.css,11,css,254bc527,M3lvinzz,2025-04-11,19:39:09,-07:00,2025-04-11T19:39:09-07:00,1,11
style.css,12,css,17761975,M3lvinzz,2025-04-18,04:44:21,-07:00,2025-04-18T04:44:21-07:00,1,32
style.css,13,css,254bc527,M3lvinzz,2025-04-11,19:39:09,-07:00,2025-04-11T19:39:09-07:00,0,0
style.css,14,css,254bc527,M3lvinzz,2025-04-11,19:39:09,-07:00,2025-04-11T19:39:09-07:00,0,0
style.css,15,css,17761975,M3lvinzz,2025-04-18,04:44:21,-07:00,2025-04-18T04:44:21-07:00,0,13
style.css,16,css,17761975,M3lvinzz,2025-04-18,04:44:21,-07:00,2025-04-18T04:44:21-07:00,1,13
style.css,17,css,17761975,M3lvinzz,2025-04-18,04:44:21,-07:00,2025-04-18T04:44:21-07:00,1,12
style.css,18,css,17761975,M3lvinzz,2025-04-18,04:44:21,-07:00,2025-04-18T04:44:21-07:00,1,17
style.css,19,css,17761975,M3lvinzz,2025-04-18,04:44:21,-07:00,2025-04-18T04:44:21-07:00,1,8
style.css,20,css,17761975,M3lvinzz,2025-04-18,04:44:21,-07:00,2025-04-18T04:44:21-07:00,1,10
style.css,21,css,17761975,M3lvinzz,2025-04-18,04:44:21,-07:00,2025-04-18T04:44:21-07:00,0,0
style.css,22,css,17761975,M3lvinzz,2025-04-18,04:44:21,-07:00,2025-04-18T04:44:21-07:00,0,0
style.css,23,css,254bc527,M3lvinzz,2025-04-11,19:39:09,-07:00,2025-04-11T19:39:09-07:00,0,3
style.css,24,css,17761975,M3lvinzz,2025-04-18,04:44:21,-07:00,2025-04-18T04:44:21-07:00,1,39
style.css,25,css,17761975,M3lvinzz,2025-04-18,04:44:21,-07:00,2025-04-18T04:44:21-07:00,1,59
style.css,26,css,254bc527,M3lvinzz,2025-04-11,19:39:09,-07:00,2025-04-11T19:39:09-07:00,1,12
style.css,27,css,254bc527,M3lvinzz,2025-04-11,19:39:09,-07:00,2025-04-11T19:39:09-07:00,1,17
style.css,28,css,17761975,M3lvinzz,2025-04-18,04:44:21,-07:00,2025-04-18T04:44:21-07:00,1,39
style.css,29,css,254bc527,M3lvinzz,2025-04-11,19:39:09,-07:00,2025-04-11T19:39:09-07:00,0,0
style.css,30,css,254bc527,M3lvinzz,2025-04-11,19:39:09,-07:00,2025-04-11T19:39:09-07:00,1,2
style.css,31,css,254bc527,M3lvinzz,2025-04-11,19:39:09,-07:00,2025-04-11T19:39:09-07:00,2,16
style.css,32,css,254bc527,M3lvinzz,2025-04-11,19:39:09,-07:00,2025-04-11T19:39:09-07:00,1,0
style.css,33,css,254bc527,M3lvinzz,2025-04-11,19:39:09,-07:00,2025-04-11T19:39:09-07:00,0,0
style.css,34,css,254bc527,M3lvinzz,2025-04-11,19:39:09,-07:00,2025-04-11T19:39:09-07:00,1,2
style.css,35,css,254bc527,M3lvinzz,2025-04-11,19:39:09,-07:00,2025-04-11T19:39:09-07:00,2,16
style.css,36,css,254bc527,M3lvinzz,2025-04-11,19:39:09,-07:00,2025-04-11T19:39:09-07:00,1,0
style.css,37,css,254bc527,M3lvinzz,2025-04-11,19:39:09,-07:00,2025-04-11T19:39:09-07:00,0,0
style.css,38,css,17761975,M3lvinzz,2025-04-18,04:44:21,-07:00,2025-04-18T04:44:21-07:00,1,1
style.css,39,css,254bc527,M3lvinzz,2025-04-11,19:39:09,-07:00,2025-04-11T19:39:09-07:00,2,6
style.css,40,css,254bc527,M3lvinzz,2025-04-11,19:39:09,-07:00,2025-04-11T19:39:09-07:00,2,20
style.css,41,css,254bc527,M3lvinzz,2025-04-11,19:39:09,-07:00,2025-04-11T19:39:09-07:00,2,13
style.css,42,css,254bc527,M3lvinzz,2025-04-11,19:39:09,-07:00,2025-04-11T19:39:09-07:00,2,17
style.css,43,css,254bc527,M3lvinzz,2025-04-11,19:39:09,-07:00,2025-04-11T19:39:09-07:00,2,13
style.css,44,css,254bc527,M3lvinzz,2025-04-11,19:39:09,-07:00,2025-04-11T19:39:09-07:00,2,23
style.css,45,css,254bc527,M3lvinzz,2025-04-11,19:39:09,-07:00,2025-04-11T19:39:09-07:00,2,25
style.css,46,css,17761975,M3lvinzz,2025-04-18,04:44:21,-07:00,2025-04-18T04:44:21-07:00,2,39
style.css,47,css,254bc527,M3lvinzz,2025-04-11,19:39:09,-07:00,2025-04-11T19:39:09-07:00,1,0
style.css,48,css,17761975,M3lvinzz,2025-04-18,04:44:21,-07:00,2025-04-18T04:44:21-07:00,1,8
style.css,49,css,254bc527,M3lvinzz,2025-04-11,19:39:09,-07:00,2025-04-11T19:39:09-07:00,2,25
style.css,50,css,254bc527,M3lvinzz,2025-04-11,19:39:09,-07:00,2025-04-11T19:39:09-07:00,2,37
style.css,51,css,254bc527,M3lvinzz,2025-04-11,19:39:09,-07:00,2025-04-11T19:39:09-07:00,2,20
style.css,52,css,254bc527,M3lvinzz,2025-04-11,19:39:09,-07:00,2025-04-11T19:39:09-07:00,1,0
style.css,53,css,254bc527,M3lvinzz,2025-04-11,19:39:09,-07:00,2025-04-11T19:39:09-07:00,1,7
style.css,54,css,254bc527,M3lvinzz,2025-04-11,19:39:09,-07:00,2025-04-11T19:39:09-07:00,2,25
style.css,55,css,254bc527,M3lvinzz,2025-04-11,19:39:09,-07:00,2025-04-11T19:39:09-07:00,2,39
style.css,56,css,254bc527,M3lvinzz,2025-04-11,19:39:09,-07:00,2025-04-11T19:39:09-07:00,2,20
style.css,57,css,17761975,M3lvinzz,2025-04-18,04:44:21,-07:00,2025-04-18T04:44:21-07:00,2,69
style.css,58,css,254bc527,M3lvinzz,2025-04-11,19:39:09,-07:00,2025-04-11T19:39:09-07:00,1,0
style.css,59,css,254bc527,M3lvinzz,2025-04-11,19:39:09,-07:00,2025-04-11T19:39:09-07:00,0,0
style.css,60,css,254bc527,M3lvinzz,2025-04-11,19:39:09,-07:00,2025-04-11T19:39:09-07:00,0,0
style.css,61,css,254bc527,M3lvinzz,2025-04-11,19:39:09,-07:00,2025-04-11T19:39:09-07:00,0,4
style.css,62,css,254bc527,M3lvinzz,2025-04-11,19:39:09,-07:00,2025-04-11T19:39:09-07:00,1,12
style.css,63,css,254bc527,M3lvinzz,2025-04-11,19:39:09,-07:00,2025-04-11T19:39:09-07:00,1,30
style.css,64,css,254bc527,M3lvinzz,2025-04-11,19:39:09,-07:00,2025-04-11T19:39:09-07:00,0,0
style.css,65,css,254bc527,M3lvinzz,2025-04-11,19:39:09,-07:00,2025-04-11T19:39:09-07:00,0,0
style.css,66,css,00000000,Not Committed Yet,2025-05-10,19:01:00,-07:00,2025-05-10T19:01:00-07:00,0,4
style.css,67,css,00000000,Not Committed Yet,2025-05-10,19:01:00,-07:00,2025-05-10T19:01:00-07:00,0,7
style.css,68,css,00000000,Not Committed Yet,2025-05-10,19:01:00,-07:00,2025-05-10T19:01:00-07:00,0,5
style.css,69,css,00000000,Not Committed Yet,2025-05-10,19:01:00,-07:00,2025-05-10T19:01:00-07:00,0,6
style.css,70,css,254bc527,M3lvinzz,2025-04-11,19:39:09,-07:00,2025-04-11T19:39:09-07:00,1,12
style.css,71,css,254bc527,M3lvinzz,2025-04-11,19:39:09,-07:00,2025-04-11T19:39:09-07:00,1,13
style.css,72,css,254bc527,M3lvinzz,2025-04-11,19:39:09,-07:00,2025-04-11T19:39:09-07:00,1,10
style.css,73,css,254bc527,M3lvinzz,2025-04-11,19:39:09,-07:00,2025-04-11T19:39:09-07:00,1,21
style.css,74,css,254bc527,M3lvinzz,2025-04-11,19:39:09,-07:00,2025-04-11T19:39:09-07:00,1,16
style.css,75,css,254bc527,M3lvinzz,2025-04-11,19:39:09,-07:00,2025-04-11T19:39:09-07:00,0,0
style.css,76,css,254bc527,M3lvinzz,2025-04-11,19:39:09,-07:00,2025-04-11T19:39:09-07:00,0,0
style.css,77,css,254bc527,M3lvinzz,2025-04-11,19:39:09,-07:00,2025-04-11T19:39:09-07:00,0,5
style.css,78,css,254bc527,M3lvinzz,2025-04-11,19:39:09,-07:00,2025-04-11T19:39:09-07:00,1,12
style.css,79,css,254bc527,M3lvinzz,2025-04-11,19:39:09,-07:00,2025-04-11T19:39:09-07:00,1,29
style.css,80,css,254bc527,M3lvinzz,2025-04-11,19:39:09,-07:00,2025-04-11T19:39:09-07:00,1,18
style.css,81,css,254bc527,M3lvinzz,2025-04-11,19:39:09,-07:00,2025-04-11T19:39:09-07:00,1,7
style.css,82,css,254bc527,M3lvinzz,2025-04-11,19:39:09,-07:00,2025-04-11T19:39:09-07:00,0,0
style.css,83,css,254bc527,M3lvinzz,2025-04-11,19:39:09,-07:00,2025-04-11T19:39:09-07:00,0,0
style.css,84,css,254bc527,M3lvinzz,2025-04-11,19:39:09,-07:00,2025-04-11T19:39:09-07:00,0,9
style.css,85,css,254bc527,M3lvinzz,2025-04-11,19:39:09,-07:00,2025-04-11T19:39:09-07:00,1,12
style.css,86,css,254bc527,M3lvinzz,2025-04-11,19:39:09,-07:00,2025-04-11T19:39:09-07:00,1,58
style.css,87,css,254bc527,M3lvinzz,2025-04-11,19:39:09,-07:00,2025-04-11T19:39:09-07:00,1,7
style.css,88,css,254bc527,M3lvinzz,2025-04-11,19:39:09,-07:00,2025-04-11T19:39:09-07:00,0,0
style.css,89,css,254bc527,M3lvinzz,2025-04-11,19:39:09,-07:00,2025-04-11T19:39:09-07:00,1,7
style.css,90,css,254bc527,M3lvinzz,2025-04-11,19:39:09,-07:00,2025-04-11T19:39:09-07:00,2,12
style.css,91,css,254bc527,M3lvinzz,2025-04-11,19:39:09,-07:00,2025-04-11T19:39:09-07:00,2,26
style.css,92,css,254bc527,M3lvinzz,2025-04-11,19:39:09,-07:00,2025-04-11T19:39:09-07:00,2,15
style.css,93,css,254bc527,M3lvinzz,2025-04-11,19:39:09,-07:00,2025-04-11T19:39:09-07:00,2,7
style.css,94,css,0850e583,M3lvinzz,2025-04-02,00:28:04,-07:00,2025-04-02T00:28:04-07:00,1,0
style.css,95,css,254bc527,M3lvinzz,2025-04-11,19:39:09,-07:00,2025-04-11T19:39:09-07:00,1,2
style.css,96,css,254bc527,M3lvinzz,2025-04-11,19:39:09,-07:00,2025-04-11T19:39:09-07:00,2,8
style.css,97,css,254bc527,M3lvinzz,2025-04-11,19:39:09,-07:00,2025-04-11T19:39:09-07:00,1,0
style.css,98,css,254bc527,M3lvinzz,2025-04-11,19:39:09,-07:00,2025-04-11T19:39:09-07:00,0,0
style.css,99,css,254bc527,M3lvinzz,2025-04-11,19:39:09,-07:00,2025-04-11T19:39:09-07:00,1,2
style.css,100,css,254bc527,M3lvinzz,2025-04-11,19:39:09,-07:00,2025-04-11T19:39:09-07:00,2,13
style.css,101,css,254bc527,M3lvinzz,2025-04-11,19:39:09,-07:00,2025-04-11T19:39:09-07:00,1,0
style.css,102,css,dd4c2e89,M3lvinzz,2025-05-02,23:29:53,-07:00,2025-05-02T23:29:53-07:00,0,0
style.css,103,css,dd4c2e89,M3lvinzz,2025-05-02,23:29:53,-07:00,2025-05-02T23:29:53-07:00,1,5
style.css,104,css,dd4c2e89,M3lvinzz,2025-05-02,23:29:53,-07:00,2025-05-02T23:29:53-07:00,2,34
style.css,105,css,dd4c2e89,M3lvinzz,2025-05-02,23:29:53,-07:00,2025-05-02T23:29:53-07:00,2,10
style.css,106,css,dd4c2e89,M3lvinzz,2025-05-02,23:29:53,-07:00,2025-05-02T23:29:53-07:00,1,0
style.css,107,css,dd4c2e89,M3lvinzz,2025-05-02,23:29:53,-07:00,2025-05-02T23:29:53-07:00,0,0
style.css,108,css,dd4c2e89,M3lvinzz,2025-05-02,23:29:53,-07:00,2025-05-02T23:29:53-07:00,0,0
style.css,109,css,dd4c2e89,M3lvinzz,2025-05-02,23:29:53,-07:00,2025-05-02T23:29:53-07:00,0,10
style.css,110,css,00000000,Not Committed Yet,2025-05-10,19:01:00,-07:00,2025-05-10T19:01:00-07:00,1,12
style.css,111,css,dd4c2e89,M3lvinzz,2025-05-02,23:29:53,-07:00,2025-05-02T23:29:53-07:00,1,29
style.css,112,css,dd4c2e89,M3lvinzz,2025-05-02,23:29:53,-07:00,2025-05-02T23:29:53-07:00,1,18
style.css,113,css,dd4c2e89,M3lvinzz,2025-05-02,23:29:53,-07:00,2025-05-02T23:29:53-07:00,0,0
style.css,114,css,dd4c2e89,M3lvinzz,2025-05-02,23:29:53,-07:00,2025-05-02T23:29:53-07:00,1,14
style.css,115,css,dd4c2e89,M3lvinzz,2025-05-02,23:29:53,-07:00,2025-05-02T23:29:53-07:00,2,14
style.css,116,css,dd4c2e89,M3lvinzz,2025-05-02,23:29:53,-07:00,2025-05-02T23:29:53-07:00,2,16
style.css,117,css,00000000,Not Committed Yet,2025-05-10,19:01:00,-07:00,2025-05-10T19:01:00-07:00,0,0
style.css,118,css,dd4c2e89,M3lvinzz,2025-05-02,23:29:53,-07:00,2025-05-02T23:29:53-07:00,2,16
style.css,119,css,dd4c2e89,M3lvinzz,2025-05-02,23:29:53,-07:00,2025-05-02T23:29:53-07:00,1,0
style.css,120,css,00000000,Not Committed Yet,2025-05-10,19:01:00,-07:00,2025-05-10T19:01:00-07:00,0,0
style.css,121,css,dd4c2e89,M3lvinzz,2025-05-02,23:29:53,-07:00,2025-05-02T23:29:53-07:00,1,17
style.css,122,css,dd4c2e89,M3lvinzz,2025-05-02,23:29:53,-07:00,2025-05-02T23:29:53-07:00,2,16
style.css,123,css,dd4c2e89,M3lvinzz,2025-05-02,23:29:53,-07:00,2025-05-02T23:29:53-07:00,3,11
style.css,124,css,dd4c2e89,M3lvinzz,2025-05-02,23:29:53,-07:00,2025-05-02T23:29:53-07:00,2,0
style.css,125,css,dd4c2e89,M3lvinzz,2025-05-02,23:29:53,-07:00,2025-05-02T23:29:53-07:00,1,0
style.css,126,css,dd4c2e89,M3lvinzz,2025-05-02,23:29:53,-07:00,2025-05-02T23:29:53-07:00,1,4
style.css,127,css,dd4c2e89,M3lvinzz,2025-05-02,23:29:53,-07:00,2025-05-02T23:29:53-07:00,2,16
style.css,128,css,dd4c2e89,M3lvinzz,2025-05-02,23:29:53,-07:00,2025-05-02T23:29:53-07:00,1,0
style.css,129,css,dd4c2e89,M3lvinzz,2025-05-02,23:29:53,-07:00,2025-05-02T23:29:53-07:00,1,9
style.css,130,css,dd4c2e89,M3lvinzz,2025-05-02,23:29:53,-07:00,2025-05-02T23:29:53-07:00,2,35
style.css,131,css,00000000,Not Committed Yet,2025-05-10,19:01:00,-07:00,2025-05-10T19:01:00-07:00,0,0
style.css,132,css,dd4c2e89,M3lvinzz,2025-05-02,23:29:53,-07:00,2025-05-02T23:29:53-07:00,2,10
style.css,133,css,dd4c2e89,M3lvinzz,2025-05-02,23:29:53,-07:00,2025-05-02T23:29:53-07:00,3,17
style.css,134,css,dd4c2e89,M3lvinzz,2025-05-02,23:29:53,-07:00,2025-05-02T23:29:53-07:00,2,0
style.css,135,css,dd4c2e89,M3lvinzz,2025-05-02,23:29:53,-07:00,2025-05-02T23:29:53-07:00,1,0
style.css,136,css,00000000,Not Committed Yet,2025-05-10,19:01:00,-07:00,2025-05-10T19:01:00-07:00,0,0
style.css,137,css,dd4c2e89,M3lvinzz,2025-05-02,23:29:53,-07:00,2025-05-02T23:29:53-07:00,1,7
style.css,138,css,dd4c2e89,M3lvinzz,2025-05-02,23:29:53,-07:00,2025-05-02T23:29:53-07:00,2,15
style.css,139,css,dd4c2e89,M3lvinzz,2025-05-02,23:29:53,-07:00,2025-05-02T23:29:53-07:00,2,9
style.css,140,css,dd4c2e89,M3lvinzz,2025-05-02,23:29:53,-07:00,2025-05-02T23:29:53-07:00,2,12
style.css,141,css,00000000,Not Committed Yet,2025-05-10,19:01:00,-07:00,2025-05-10T19:01:00-07:00,2,12
style.css,142,css,dd4c2e89,M3lvinzz,2025-05-02,23:29:53,-07:00,2025-05-02T23:29:53-07:00,2,14
style.css,143,css,dd4c2e89,M3lvinzz,2025-05-02,23:29:53,-07:00,2025-05-02T23:29:53-07:00,2,7
style.css,144,css,dd4c2e89,M3lvinzz,2025-05-02,23:29:53,-07:00,2025-05-02T23:29:53-07:00,2,21
style.css,145,css,dd4c2e89,M3lvinzz,2025-05-02,23:29:53,-07:00,2025-05-02T23:29:53-07:00,2,13
style.css,146,css,dd4c2e89,M3lvinzz,2025-05-02,23:29:53,-07:00,2025-05-02T23:29:53-07:00,2,14
style.css,147,css,dd4c2e89,M3lvinzz,2025-05-02,23:29:53,-07:00,2025-05-02T23:29:53-07:00,2,29
style.css,148,css,dd4c2e89,M3lvinzz,2025-05-02,23:29:53,-07:00,2025-05-02T23:29:53-07:00,1,0
style.css,149,css,00000000,Not Committed Yet,2025-05-10,19:01:00,-07:00,2025-05-10T19:01:00-07:00,0,0
style.css,150,css,dd4c2e89,M3lvinzz,2025-05-02,23:29:53,-07:00,2025-05-02T23:29:53-07:00,1,12
style.css,151,css,dd4c2e89,M3lvinzz,2025-05-02,23:29:53,-07:00,2025-05-02T23:29:53-07:00,2,12
style.css,152,css,dd4c2e89,M3lvinzz,2025-05-02,23:29:53,-07:00,2025-05-02T23:29:53-07:00,2,18
style.css,153,css,dd4c2e89,M3lvinzz,2025-05-02,23:29:53,-07:00,2025-05-02T23:29:53-07:00,2,9
style.css,154,css,00000000,Not Committed Yet,2025-05-10,19:01:00,-07:00,2025-05-10T19:01:00-07:00,0,0
style.css,155,css,dd4c2e89,M3lvinzz,2025-05-02,23:29:53,-07:00,2025-05-02T23:29:53-07:00,2,26
style.css,156,css,dd4c2e89,M3lvinzz,2025-05-02,23:29:53,-07:00,2025-05-02T23:29:53-07:00,2,20
style.css,157,css,dd4c2e89,M3lvinzz,2025-05-02,23:29:53,-07:00,2025-05-02T23:29:53-07:00,2,17
style.css,158,css,dd4c2e89,M3lvinzz,2025-05-02,23:29:53,-07:00,2025-05-02T23:29:53-07:00,1,0
style.css,159,css,00000000,Not Committed Yet,2025-05-10,19:01:00,-07:00,2025-05-10T19:01:00-07:00,1,7
style.css,160,css,dd4c2e89,M3lvinzz,2025-05-02,23:29:53,-07:00,2025-05-02T23:29:53-07:00,2,20
style.css,161,css,dd4c2e89,M3lvinzz,2025-05-02,23:29:53,-07:00,2025-05-02T23:29:53-07:00,2,9
style.css,162,css,dd4c2e89,M3lvinzz,2025-05-02,23:29:53,-07:00,2025-05-02T23:29:53-07:00,2,10
style.css,163,css,dd4c2e89,M3lvinzz,2025-05-02,23:29:53,-07:00,2025-05-02T23:29:53-07:00,2,29
style.css,164,css,dd4c2e89,M3lvinzz,2025-05-02,23:29:53,-07:00,2025-05-02T23:29:53-07:00,2,17
style.css,165,css,dd4c2e89,M3lvinzz,2025-05-02,23:29:53,-07:00,2025-05-02T23:29:53-07:00,2,17
style.css,166,css,dd4c2e89,M3lvinzz,2025-05-02,23:29:53,-07:00,2025-05-02T23:29:53-07:00,2,13
style.css,167,css,dd4c2e89,M3lvinzz,2025-05-02,23:29:53,-07:00,2025-05-02T23:29:53-07:00,1,0
style.css,168,css,254bc527,M3lvinzz,2025-04-11,19:39:09,-07:00,2025-04-11T19:39:09-07:00,0,0
style.css,169,css,0850e583,M3lvinzz,2025-04-02,00:28:04,-07:00,2025-04-02T00:28:04-07:00,0,0
style.css,170,css,00000000,Not Committed Yet,2025-05-10,19:01:00,-07:00,2025-05-10T19:01:00-07:00,0,1
style.css,171,css,00000000,Not Committed Yet,2025-05-10,19:01:00,-07:00,2025-05-10T19:01:00-07:00,0,1
style.css,172,css,00000000,Not Committed Yet,2025-05-10,19:01:00,-07:00,2025-05-10T19:01:00-07:00,0,1
style.css,173,css,00000000,Not Committed Yet,2025-05-10,19:01:00,-07:00,2025-05-10T19:01:00-07:00,0,1
style.css,174,css,00000000,Not Committed Yet,2025-05-10,19:01:00,-07:00,2025-05-10T19:01:00-07:00,0,1
style.css,175,css,00000000,Not Committed Yet,2025-05-10,19:01:00,-07:00,2025-05-10T19:01:00-07:00,0,2
style.css,176,css,254bc527,M3lvinzz,2025-04-11,19:39:09,-07:00,2025-04-11T19:39:09-07:00,1,15
style.css,177,css,254bc527,M3lvinzz,2025-04-11,19:39:09,-07:00,2025-04-11T19:39:09-07:00,1,17
style.css,178,css,254bc527,M3lvinzz,2025-04-11,19:39:09,-07:00,2025-04-11T19:39:09-07:00,0,0
style.css,179,css,254bc527,M3lvinzz,2025-04-11,19:39:09,-07:00,2025-04-11T19:39:09-07:00,0,0
style.css,180,css,254bc527,M3lvinzz,2025-04-11,19:39:09,-07:00,2025-04-11T19:39:09-07:00,0,2
style.css,181,css,254bc527,M3lvinzz,2025-04-11,19:39:09,-07:00,2025-04-11T19:39:09-07:00,1,15
style.css,182,css,254bc527,M3lvinzz,2025-04-11,19:39:09,-07:00,2025-04-11T19:39:09-07:00,1,19
style.css,183,css,254bc527,M3lvinzz,2025-04-11,19:39:09,-07:00,2025-04-11T19:39:09-07:00,1,12
style.css,184,css,254bc527,M3lvinzz,2025-04-11,19:39:09,-07:00,2025-04-11T19:39:09-07:00,0,0
style.css,185,css,254bc527,M3lvinzz,2025-04-11,19:39:09,-07:00,2025-04-11T19:39:09-07:00,0,0
style.css,186,css,254bc527,M3lvinzz,2025-04-11,19:39:09,-07:00,2025-04-11T19:39:09-07:00,0,2
style.css,187,css,254bc527,M3lvinzz,2025-04-11,19:39:09,-07:00,2025-04-11T19:39:09-07:00,1,15
style.css,188,css,254bc527,M3lvinzz,2025-04-11,19:39:09,-07:00,2025-04-11T19:39:09-07:00,1,19
style.css,189,css,254bc527,M3lvinzz,2025-04-11,19:39:09,-07:00,2025-04-11T19:39:09-07:00,1,12
style.css,190,css,254bc527,M3lvinzz,2025-04-11,19:39:09,-07:00,2025-04-11T19:39:09-07:00,0,0
style.css,191,css,254bc527,M3lvinzz,2025-04-11,19:39:09,-07:00,2025-04-11T19:39:09-07:00,0,0
style.css,192,css,254bc527,M3lvinzz,2025-04-11,19:39:09,-07:00,2025-04-11T19:39:09-07:00,0,7
style.css,193,css,254bc527,M3lvinzz,2025-04-11,19:39:09,-07:00,2025-04-11T19:39:09-07:00,1,12
style.css,194,css,254bc527,M3lvinzz,2025-04-11,19:39:09,-07:00,2025-04-11T19:39:09-07:00,1,25
style.css,195,css,254bc527,M3lvinzz,2025-04-11,19:39:09,-07:00,2025-04-11T19:39:09-07:00,1,23
style.css,196,css,254bc527,M3lvinzz,2025-04-11,19:39:09,-07:00,2025-04-11T19:39:09-07:00,1,41
style.css,197,css,00000000,Not Committed Yet,2025-05-10,19:01:00,-07:00,2025-05-10T19:01:00-07:00,0,0
style.css,198,css,254bc527,M3lvinzz,2025-04-11,19:39:09,-07:00,2025-04-11T19:39:09-07:00,1,1
style.css,199,css,254bc527,M3lvinzz,2025-04-11,19:39:09,-07:00,2025-04-11T19:39:09-07:00,2,16
style.css,200,css,254bc527,M3lvinzz,2025-04-11,19:39:09,-07:00,2025-04-11T19:39:09-07:00,2,12
style.css,201,css,254bc527,M3lvinzz,2025-04-11,19:39:09,-07:00,2025-04-11T19:39:09-07:00,2,21
style.css,202,css,254bc527,M3lvinzz,2025-04-11,19:39:09,-07:00,2025-04-11T19:39:09-07:00,1,0
style.css,203,css,254bc527,M3lvinzz,2025-04-11,19:39:09,-07:00,2025-04-11T19:39:09-07:00,0,0
style.css,204,css,254bc527,M3lvinzz,2025-04-11,19:39:09,-07:00,2025-04-11T19:39:09-07:00,1,7
style.css,205,css,254bc527,M3lvinzz,2025-04-11,19:39:09,-07:00,2025-04-11T19:39:09-07:00,2,13
style.css,206,css,254bc527,M3lvinzz,2025-04-11,19:39:09,-07:00,2025-04-11T19:39:09-07:00,2,73
style.css,207,css,254bc527,M3lvinzz,2025-04-11,19:39:09,-07:00,2025-04-11T19:39:09-07:00,1,0
style.css,208,css,00000000,Not Committed Yet,2025-05-10,19:01:00,-07:00,2025-05-10T19:01:00-07:00,0,0
style.css,209,css,254bc527,M3lvinzz,2025-04-11,19:39:09,-07:00,2025-04-11T19:39:09-07:00,1,13
style.css,210,css,254bc527,M3lvinzz,2025-04-11,19:39:09,-07:00,2025-04-11T19:39:09-07:00,2,17
style.css,211,css,254bc527,M3lvinzz,2025-04-11,19:39:09,-07:00,2025-04-11T19:39:09-07:00,1,0
style.css,212,css,00000000,Not Committed Yet,2025-05-10,19:01:00,-07:00,2025-05-10T19:01:00-07:00,0,0
style.css,213,css,254bc527,M3lvinzz,2025-04-11,19:39:09,-07:00,2025-04-11T19:39:09-07:00,1,2
style.css,214,css,254bc527,M3lvinzz,2025-04-11,19:39:09,-07:00,2025-04-11T19:39:09-07:00,2,22
style.css,215,css,254bc527,M3lvinzz,2025-04-11,19:39:09,-07:00,2025-04-11T19:39:09-07:00,2,14
style.css,216,css,254bc527,M3lvinzz,2025-04-11,19:39:09,-07:00,2025-04-11T19:39:09-07:00,1,0
style.css,217,css,00000000,Not Committed Yet,2025-05-10,19:01:00,-07:00,2025-05-10T19:01:00-07:00,0,0
style.css,218,css,254bc527,M3lvinzz,2025-04-11,19:39:09,-07:00,2025-04-11T19:39:09-07:00,1,5
style.css,219,css,254bc527,M3lvinzz,2025-04-11,19:39:09,-07:00,2025-04-11T19:39:09-07:00,2,43
style.css,220,css,254bc527,M3lvinzz,2025-04-11,19:39:09,-07:00,2025-04-11T19:39:09-07:00,1,0
style.css,221,css,00000000,Not Committed Yet,2025-05-10,19:01:00,-07:00,2025-05-10T19:01:00-07:00,0,0
style.css,222,css,254bc527,M3lvinzz,2025-04-11,19:39:09,-07:00,2025-04-11T19:39:09-07:00,1,12
style.css,223,css,0850e583,M3lvinzz,2025-04-02,00:28:04,-07:00,2025-04-02T00:28:04-07:00,2,11
style.css,224,css,0850e583,M3lvinzz,2025-04-02,00:28:04,-07:00,2025-04-02T00:28:04-07:00,2,16
style.css,225,css,254bc527,M3lvinzz,2025-04-11,19:39:09,-07:00,2025-04-11T19:39:09-07:00,1,0
style.css,226,css,00000000,Not Committed Yet,2025-05-10,19:01:00,-07:00,2025-05-10T19:01:00-07:00,0,0
style.css,227,css,254bc527,M3lvinzz,2025-04-11,19:39:09,-07:00,2025-04-11T19:39:09-07:00,1,15
style.css,228,css,254bc527,M3lvinzz,2025-04-11,19:39:09,-07:00,2025-04-11T19:39:09-07:00,2,25
style.css,229,css,254bc527,M3lvinzz,2025-04-11,19:39:09,-07:00,2025-04-11T19:39:09-07:00,2,15
style.css,230,css,254bc527,M3lvinzz,2025-04-11,19:39:09,-07:00,2025-04-11T19:39:09-07:00,1,0
style.css,231,css,254bc527,M3lvinzz,2025-04-11,19:39:09,-07:00,2025-04-11T19:39:09-07:00,0,0
style.css,232,css,254bc527,M3lvinzz,2025-04-11,19:39:09,-07:00,2025-04-11T19:39:09-07:00,1,3
style.css,233,css,254bc527,M3lvinzz,2025-04-11,19:39:09,-07:00,2025-04-11T19:39:09-07:00,2,13
style.css,234,css,254bc527,M3lvinzz,2025-04-11,19:39:09,-07:00,2025-04-11T19:39:09-07:00,2,18
style.css,235,css,254bc527,M3lvinzz,2025-04-11,19:39:09,-07:00,2025-04-11T19:39:09-07:00,2,18
style.css,236,css,254bc527,M3lvinzz,2025-04-11,19:39:09,-07:00,2025-04-11T19:39:09-07:00,2,44
style.css,237,css,254bc527,M3lvinzz,2025-04-11,19:39:09,-07:00,2025-04-11T19:39:09-07:00,2,19
style.css,238,css,254bc527,M3lvinzz,2025-04-11,19:39:09,-07:00,2025-04-11T19:39:09-07:00,2,26
style.css,239,css,254bc527,M3lvinzz,2025-04-11,19:39:09,-07:00,2025-04-11T19:39:09-07:00,1,0
style.css,240,css,254bc527,M3lvinzz,2025-04-11,19:39:09,-07:00,2025-04-11T19:39:09-07:00,0,0
style.css,241,css,254bc527,M3lvinzz,2025-04-11,19:39:09,-07:00,2025-04-11T19:39:09-07:00,1,9
style.css,242,css,254bc527,M3lvinzz,2025-04-11,19:39:09,-07:00,2025-04-11T19:39:09-07:00,2,20
style.css,243,css,254bc527,M3lvinzz,2025-04-11,19:39:09,-07:00,2025-04-11T19:39:09-07:00,1,0
style.css,244,css,0850e583,M3lvinzz,2025-04-02,00:28:04,-07:00,2025-04-02T00:28:04-07:00,0,0
style.css,245,css,254bc527,M3lvinzz,2025-04-11,19:39:09,-07:00,2025-04-11T19:39:09-07:00,0,0
style.css,246,css,002bb1bd,M3lvinzz,2025-04-25,19:48:24,-07:00,2025-04-25T19:48:24-07:00,0,14
style.css,247,css,002bb1bd,M3lvinzz,2025-04-25,19:48:24,-07:00,2025-04-25T19:48:24-07:00,1,2
style.css,248,css,002bb1bd,M3lvinzz,2025-04-25,19:48:24,-07:00,2025-04-25T19:48:24-07:00,2,12
style.css,249,css,002bb1bd,M3lvinzz,2025-04-25,19:48:24,-07:00,2025-04-25T19:48:24-07:00,2,36
style.css,250,css,002bb1bd,M3lvinzz,2025-04-25,19:48:24,-07:00,2025-04-25T19:48:24-07:00,2,10
style.css,251,css,002bb1bd,M3lvinzz,2025-04-25,19:48:24,-07:00,2025-04-25T19:48:24-07:00,2,12
style.css,252,css,002bb1bd,M3lvinzz,2025-04-25,19:48:24,-07:00,2025-04-25T19:48:24-07:00,2,16
style.css,253,css,002bb1bd,M3lvinzz,2025-04-25,19:48:24,-07:00,2025-04-25T19:48:24-07:00,1,0
style.css,254,css,00000000,Not Committed Yet,2025-05-10,19:01:00,-07:00,2025-05-10T19:01:00-07:00,0,0
style.css,255,css,002bb1bd,M3lvinzz,2025-04-25,19:48:24,-07:00,2025-04-25T19:48:24-07:00,1,2
style.css,256,css,002bb1bd,M3lvinzz,2025-04-25,19:48:24,-07:00,2025-04-25T19:48:24-07:00,2,10
style.css,257,css,002bb1bd,M3lvinzz,2025-04-25,19:48:24,-07:00,2025-04-25T19:48:24-07:00,2,16
style.css,258,css,002bb1bd,M3lvinzz,2025-04-25,19:48:24,-07:00,2025-04-25T19:48:24-07:00,2,15
style.css,259,css,002bb1bd,M3lvinzz,2025-04-25,19:48:24,-07:00,2025-04-25T19:48:24-07:00,1,0
style.css,260,css,00000000,Not Committed Yet,2025-05-10,19:01:00,-07:00,2025-05-10T19:01:00-07:00,0,0
style.css,261,css,002bb1bd,M3lvinzz,2025-04-25,19:48:24,-07:00,2025-04-25T19:48:24-07:00,1,2
style.css,262,css,002bb1bd,M3lvinzz,2025-04-25,19:48:24,-07:00,2025-04-25T19:48:24-07:00,2,10
style.css,263,css,002bb1bd,M3lvinzz,2025-04-25,19:48:24,-07:00,2025-04-25T19:48:24-07:00,2,18
style.css,264,css,002bb1bd,M3lvinzz,2025-04-25,19:48:24,-07:00,2025-04-25T19:48:24-07:00,2,17
style.css,265,css,002bb1bd,M3lvinzz,2025-04-25,19:48:24,-07:00,2025-04-25T19:48:24-07:00,1,0
style.css,266,css,002bb1bd,M3lvinzz,2025-04-25,19:48:24,-07:00,2025-04-25T19:48:24-07:00,0,0
index.js,1,js,002bb1bd,M3lvinzz,2025-04-25,19:48:24,-07:00,2025-04-25T19:48:24-07:00,0,71
index.js,2,js,002bb1bd,M3lvinzz,2025-04-25,19:48:24,-07:00,2025-04-25T19:48:24-07:00,0,0
index.js,3,js,002bb1bd,M3lvinzz,2025-04-25,19:48:24,-07:00,2025-04-25T19:48:24-07:00,0,54
index.js,4,js,002bb1bd,M3lvinzz,2025-04-25,19:48:24,-07:00,2025-04-25T19:48:24-07:00,0,42
index.js,5,js,002bb1bd,M3lvinzz,2025-04-25,19:48:24,-07:00,2025-04-25T19:48:24-07:00,0,0
index.js,6,js,002bb1bd,M3lvinzz,2025-04-25,19:48:24,-07:00,2025-04-25T19:48:24-07:00,0,60
index.js,7,js,002bb1bd,M3lvinzz,2025-04-25,19:48:24,-07:00,2025-04-25T19:48:24-07:00,0,0
index.js,8,js,002bb1bd,M3lvinzz,2025-04-25,19:48:24,-07:00,2025-04-25T19:48:24-07:00,0,51
index.js,9,js,002bb1bd,M3lvinzz,2025-04-25,19:48:24,-07:00,2025-04-25T19:48:24-07:00,0,54
index.js,10,js,002bb1bd,M3lvinzz,2025-04-25,19:48:24,-07:00,2025-04-25T19:48:24-07:00,0,0
index.js,11,js,002bb1bd,M3lvinzz,2025-04-25,19:48:24,-07:00,2025-04-25T19:48:24-07:00,0,60
index.js,12,js,002bb1bd,M3lvinzz,2025-04-25,19:48:24,-07:00,2025-04-25T19:48:24-07:00,0,17
index.js,13,js,002bb1bd,M3lvinzz,2025-04-25,19:48:24,-07:00,2025-04-25T19:48:24-07:00,2,24
index.js,14,js,002bb1bd,M3lvinzz,2025-04-25,19:48:24,-07:00,2025-04-25T19:48:24-07:00,5,2
index.js,15,js,002bb1bd,M3lvinzz,2025-04-25,19:48:24,-07:00,2025-04-25T19:48:24-07:00,6,54
index.js,16,js,002bb1bd,M3lvinzz,2025-04-25,19:48:24,-07:00,2025-04-25T19:48:24-07:00,6,54
index.js,17,js,002bb1bd,M3lvinzz,2025-04-25,19:48:24,-07:00,2025-04-25T19:48:24-07:00,6,48
index.js,18,js,002bb1bd,M3lvinzz,2025-04-25,19:48:24,-07:00,2025-04-25T19:48:24-07:00,6,48
index.js,19,js,002bb1bd,M3lvinzz,2025-04-25,19:48:24,-07:00,2025-04-25T19:48:24-07:00,5,3
index.js,20,js,002bb1bd,M3lvinzz,2025-04-25,19:48:24,-07:00,2025-04-25T19:48:24-07:00,3,0
index.js,21,js,002bb1bd,M3lvinzz,2025-04-25,19:48:24,-07:00,2025-04-25T19:48:24-07:00,1,0
index.html,1,html,618e5391,M3lvinzz,2025-04-01,22:33:24,-07:00,2025-04-01T22:33:24-07:00,0,13
index.html,2,html,618e5391,M3lvinzz,2025-04-01,22:33:24,-07:00,2025-04-01T22:33:24-07:00,0,14
index.html,3,html,618e5391,M3lvinzz,2025-04-01,22:33:24,-07:00,2025-04-01T22:33:24-07:00,0,4
index.html,4,html,618e5391,M3lvinzz,2025-04-01,22:33:24,-07:00,2025-04-01T22:33:24-07:00,2,20
index.html,5,html,618e5391,M3lvinzz,2025-04-01,22:33:24,-07:00,2025-04-01T22:33:24-07:00,2,68
index.html,6,html,618e5391,M3lvinzz,2025-04-01,22:33:24,-07:00,2025-04-01T22:33:24-07:00,2,52
index.html,7,html,618e5391,M3lvinzz,2025-04-01,22:33:24,-07:00,2025-04-01T22:33:24-07:00,0,0
index.html,8,html,0850e583,M3lvinzz,2025-04-02,00:28:04,-07:00,2025-04-02T00:28:04-07:00,2,42
index.html,9,html,002bb1bd,M3lvinzz,2025-04-25,19:48:24,-07:00,2025-04-25T19:48:24-07:00,2,49
index.html,10,html,002bb1bd,M3lvinzz,2025-04-25,19:48:24,-07:00,2025-04-25T19:48:24-07:00,2,50
index.html,11,html,002bb1bd,M3lvinzz,2025-04-25,19:48:24,-07:00,2025-04-25T19:48:24-07:00,0,0
index.html,12,html,254bc527,M3lvinzz,2025-04-11,19:39:09,-07:00,2025-04-11T19:39:09-07:00,0,5
index.html,13,html,254bc527,M3lvinzz,2025-04-11,19:39:09,-07:00,2025-04-11T19:39:09-07:00,0,4
index.html,14,html,0850e583,M3lvinzz,2025-04-02,00:28:04,-07:00,2025-04-02T00:28:04-07:00,0,0
index.html,15,html,17761975,M3lvinzz,2025-04-18,04:44:21,-07:00,2025-04-18T04:44:21-07:00,2,8
index.html,16,html,fb05114d,M3lvinzz,2025-04-04,22:46:52,-07:00,2025-04-04T22:46:52-07:00,4,2
index.html,17,html,17761975,M3lvinzz,2025-04-18,04:44:21,-07:00,2025-04-18T04:44:21-07:00,6,52
index.html,18,html,17761975,M3lvinzz,2025-04-18,04:44:21,-07:00,2025-04-18T04:44:21-07:00,6,48
index.html,19,html,17761975,M3lvinzz,2025-04-18,04:44:21,-07:00,2025-04-18T04:44:21-07:00,6,50
index.html,20,html,17761975,M3lvinzz,2025-04-18,04:44:21,-07:00,2025-04-18T04:44:21-07:00,6,49
index.html,21,html,17761975,M3lvinzz,2025-04-18,04:44:21,-07:00,2025-04-18T04:44:21-07:00,6,72
index.html,22,html,fb05114d,M3lvinzz,2025-04-04,22:46:52,-07:00,2025-04-04T22:46:52-07:00,4,3
index.html,23,html,17761975,M3lvinzz,2025-04-18,04:44:21,-07:00,2025-04-18T04:44:21-07:00,2,8
index.html,24,html,17761975,M3lvinzz,2025-04-18,04:44:21,-07:00,2025-04-18T04:44:21-07:00,0,0
index.html,25,html,618e5391,M3lvinzz,2025-04-01,22:33:24,-07:00,2025-04-01T22:33:24-07:00,2,2
index.html,26,html,618e5391,M3lvinzz,2025-04-01,22:33:24,-07:00,2025-04-01T22:33:24-07:00,4,8
index.html,27,html,618e5391,M3lvinzz,2025-04-01,22:33:24,-07:00,2025-04-01T22:33:24-07:00,2,3
index.html,28,html,618e5391,M3lvinzz,2025-04-01,22:33:24,-07:00,2025-04-01T22:33:24-07:00,2,1
index.html,29,html,618e5391,M3lvinzz,2025-04-01,22:33:24,-07:00,2025-04-01T22:33:24-07:00,4,69
index.html,30,html,38a19813,M3lvinzz,2025-04-03,19:59:15,-07:00,2025-04-03T19:59:15-07:00,4,73
index.html,31,html,0850e583,M3lvinzz,2025-04-02,00:28:04,-07:00,2025-04-02T00:28:04-07:00,4,11
index.html,32,html,618e5391,M3lvinzz,2025-04-01,22:33:24,-07:00,2025-04-01T22:33:24-07:00,2,2
index.html,33,html,d98347a8,M3lvinzz,2025-04-03,19:49:25,-07:00,2025-04-03T19:49:25-07:00,2,2
index.html,34,html,0850e583,M3lvinzz,2025-04-02,00:28:04,-07:00,2025-04-02T00:28:04-07:00,4,32
index.html,35,html,0850e583,M3lvinzz,2025-04-02,00:28:04,-07:00,2025-04-02T00:28:04-07:00,4,38
index.html,36,html,0850e583,M3lvinzz,2025-04-02,00:28:04,-07:00,2025-04-02T00:28:04-07:00,4,9
index.html,37,html,0850e583,M3lvinzz,2025-04-02,00:28:04,-07:00,2025-04-02T00:28:04-07:00,4,10
index.html,38,html,d98347a8,M3lvinzz,2025-04-03,19:49:25,-07:00,2025-04-03T19:49:25-07:00,2,0
index.html,39,html,0850e583,M3lvinzz,2025-04-02,00:28:04,-07:00,2025-04-02T00:28:04-07:00,2,80
index.html,40,html,17761975,M3lvinzz,2025-04-18,04:44:21,-07:00,2025-04-18T04:44:21-07:00,0,0
index.html,41,html,002bb1bd,M3lvinzz,2025-04-25,19:48:24,-07:00,2025-04-25T19:48:24-07:00,2,22
index.html,42,html,002bb1bd,M3lvinzz,2025-04-25,19:48:24,-07:00,2025-04-25T19:48:24-07:00,4,20
index.html,43,html,002bb1bd,M3lvinzz,2025-04-25,19:48:24,-07:00,2025-04-25T19:48:24-07:00,4,49
index.html,44,html,002bb1bd,M3lvinzz,2025-04-25,19:48:24,-07:00,2025-04-25T19:48:24-07:00,4,4
index.html,45,html,002bb1bd,M3lvinzz,2025-04-25,19:48:24,-07:00,2025-04-25T19:48:24-07:00,2,23
index.html,46,html,002bb1bd,M3lvinzz,2025-04-25,19:48:24,-07:00,2025-04-25T19:48:24-07:00,4,28
index.html,47,html,002bb1bd,M3lvinzz,2025-04-25,19:48:24,-07:00,2025-04-25T19:48:24-07:00,0,0
index.html,48,html,618e5391,M3lvinzz,2025-04-01,22:33:24,-07:00,2025-04-01T22:33:24-07:00,0,5
index.html,49,html,618e5391,M3lvinzz,2025-04-01,22:33:24,-07:00,2025-04-01T22:33:24-07:00,0,5
global.js,1,js,00000000,Not Committed Yet,2025-05-10,19:01:00,-07:00,2025-05-10T19:01:00-07:00,0,25
global.js,2,js,17761975,M3lvinzz,2025-04-18,04:44:21,-07:00,2025-04-18T04:44:21-07:00,0,0
global.js,3,js,17761975,M3lvinzz,2025-04-18,04:44:21,-07:00,2025-04-18T04:44:21-07:00,0,41
global.js,4,js,00000000,Not Committed Yet,2025-05-10,19:01:00,-07:00,2025-05-10T19:01:00-07:00,1,49
global.js,5,js,17761975,M3lvinzz,2025-04-18,04:44:21,-07:00,2025-04-18T04:44:21-07:00,0,0
global.js,6,js,17761975,M3lvinzz,2025-04-18,04:44:21,-07:00,2025-04-18T04:44:21-07:00,0,0
global.js,7,js,00000000,Not Committed Yet,2025-05-10,19:01:00,-07:00,2025-05-10T19:01:00-07:00,0,15
global.js,8,js,00000000,Not Committed Yet,2025-05-10,19:01:00,-07:00,2025-05-10T19:01:00-07:00,1,68
global.js,9,js,00000000,Not Committed Yet,2025-05-10,19:01:00,-07:00,2025-05-10T19:01:00-07:00,2,3
global.js,10,js,00000000,Not Committed Yet,2025-05-10,19:01:00,-07:00,2025-05-10T19:01:00-07:00,2,22
global.js,11,js,17761975,M3lvinzz,2025-04-18,04:44:21,-07:00,2025-04-18T04:44:21-07:00,0,0
global.js,12,js,17761975,M3lvinzz,2025-04-18,04:44:21,-07:00,2025-04-18T04:44:21-07:00,0,11
global.js,13,js,00000000,Not Committed Yet,2025-05-10,19:01:00,-07:00,2025-05-10T19:01:00-07:00,1,25
global.js,14,js,00000000,Not Committed Yet,2025-05-10,19:01:00,-07:00,2025-05-10T19:01:00-07:00,1,38
global.js,15,js,00000000,Not Committed Yet,2025-05-10,19:01:00,-07:00,2025-05-10T19:01:00-07:00,1,34
global.js,16,js,00000000,Not Committed Yet,2025-05-10,19:01:00,-07:00,2025-05-10T19:01:00-07:00,1,36
global.js,17,js,00000000,Not Committed Yet,2025-05-10,19:01:00,-07:00,2025-05-10T19:01:00-07:00,1,30
global.js,18,js,00000000,Not Committed Yet,2025-05-10,19:01:00,-07:00,2025-05-10T19:01:00-07:00,1,54
global.js,19,js,17761975,M3lvinzz,2025-04-18,04:44:21,-07:00,2025-04-18T04:44:21-07:00,0,0
global.js,20,js,17761975,M3lvinzz,2025-04-18,04:44:21,-07:00,2025-04-18T04:44:21-07:00,0,0
global.js,21,js,00000000,Not Committed Yet,2025-05-10,19:01:00,-07:00,2025-05-10T19:01:00-07:00,0,38
global.js,22,js,17761975,M3lvinzz,2025-04-18,04:44:21,-07:00,2025-04-18T04:44:21-07:00,0,25
global.js,23,js,17761975,M3lvinzz,2025-04-18,04:44:21,-07:00,2025-04-18T04:44:21-07:00,0,20
global.js,24,js,00000000,Not Committed Yet,2025-05-10,19:01:00,-07:00,2025-05-10T19:01:00-07:00,1,14
global.js,25,js,00000000,Not Committed Yet,2025-05-10,19:01:00,-07:00,2025-05-10T19:01:00-07:00,1,52
global.js,26,js,00000000,Not Committed Yet,2025-05-10,19:01:00,-07:00,2025-05-10T19:01:00-07:00,1,18
global.js,27,js,00000000,Not Committed Yet,2025-05-10,19:01:00,-07:00,2025-05-10T19:01:00-07:00,1,70
global.js,28,js,00000000,Not Committed Yet,2025-05-10,19:01:00,-07:00,2025-05-10T19:01:00-07:00,1,34
global.js,29,js,00000000,Not Committed Yet,2025-05-10,19:01:00,-07:00,2025-05-10T19:01:00-07:00,1,11
global.js,30,js,00000000,Not Committed Yet,2025-05-10,19:01:00,-07:00,2025-05-10T19:01:00-07:00,1,20
global.js,31,js,00000000,Not Committed Yet,2025-05-10,19:01:00,-07:00,2025-05-10T19:01:00-07:00,1,65
global.js,32,js,00000000,Not Committed Yet,2025-05-10,19:01:00,-07:00,2025-05-10T19:01:00-07:00,2,25
global.js,33,js,00000000,Not Committed Yet,2025-05-10,19:01:00,-07:00,2025-05-10T19:01:00-07:00,1,0
global.js,34,js,00000000,Not Committed Yet,2025-05-10,19:01:00,-07:00,2025-05-10T19:01:00-07:00,1,29
global.js,35,js,00000000,Not Committed Yet,2025-05-10,19:01:00,-07:00,2025-05-10T19:01:00-07:00,2,18
global.js,36,js,00000000,Not Committed Yet,2025-05-10,19:01:00,-07:00,2025-05-10T19:01:00-07:00,1,0
global.js,37,js,00000000,Not Committed Yet,2025-05-10,19:01:00,-07:00,2025-05-10T19:01:00-07:00,1,12
global.js,38,js,17761975,M3lvinzz,2025-04-18,04:44:21,-07:00,2025-04-18T04:44:21-07:00,0,0
global.js,39,js,17761975,M3lvinzz,2025-04-18,04:44:21,-07:00,2025-04-18T04:44:21-07:00,0,0
global.js,40,js,00000000,Not Committed Yet,2025-05-10,19:01:00,-07:00,2025-05-10T19:01:00-07:00,0,27
global.js,41,js,17761975,M3lvinzz,2025-04-18,04:44:21,-07:00,2025-04-18T04:44:21-07:00,0,0
global.js,42,js,17761975,M3lvinzz,2025-04-18,04:44:21,-07:00,2025-04-18T04:44:21-07:00,0,30
global.js,43,js,00000000,Not Committed Yet,2025-05-10,19:01:00,-07:00,2025-05-10T19:01:00-07:00,1,65
global.js,44,js,00000000,Not Committed Yet,2025-05-10,19:01:00,-07:00,2025-05-10T19:01:00-07:00,0,0
global.js,45,js,17761975,M3lvinzz,2025-04-18,04:44:21,-07:00,2025-04-18T04:44:21-07:00,0,19
global.js,46,js,17761975,M3lvinzz,2025-04-18,04:44:21,-07:00,2025-04-18T04:44:21-07:00,0,41
global.js,47,js,17761975,M3lvinzz,2025-04-18,04:44:21,-07:00,2025-04-18T04:44:21-07:00,0,42
global.js,48,js,17761975,M3lvinzz,2025-04-18,04:44:21,-07:00,2025-04-18T04:44:21-07:00,0,4
global.js,49,js,17761975,M3lvinzz,2025-04-18,04:44:21,-07:00,2025-04-18T04:44:21-07:00,0,0
global.js,50,js,00000000,Not Committed Yet,2025-05-10,19:01:00,-07:00,2025-05-10T19:01:00-07:00,0,36
global.js,51,js,17761975,M3lvinzz,2025-04-18,04:44:21,-07:00,2025-04-18T04:44:21-07:00,0,0
global.js,52,js,00000000,Not Committed Yet,2025-05-10,19:01:00,-07:00,2025-05-10T19:01:00-07:00,0,20
global.js,53,js,17761975,M3lvinzz,2025-04-18,04:44:21,-07:00,2025-04-18T04:44:21-07:00,0,0
global.js,54,js,17761975,M3lvinzz,2025-04-18,04:44:21,-07:00,2025-04-18T04:44:21-07:00,0,31
global.js,55,js,00000000,Not Committed Yet,2025-05-10,19:01:00,-07:00,2025-05-10T19:01:00-07:00,1,11
global.js,56,js,00000000,Not Committed Yet,2025-05-10,19:01:00,-07:00,2025-05-10T19:01:00-07:00,1,0
global.js,57,js,17761975,M3lvinzz,2025-04-18,04:44:21,-07:00,2025-04-18T04:44:21-07:00,4,28
global.js,58,js,17761975,M3lvinzz,2025-04-18,04:44:21,-07:00,2025-04-18T04:44:21-07:00,6,4
global.js,59,js,17761975,M3lvinzz,2025-04-18,04:44:21,-07:00,2025-04-18T04:44:21-07:00,6,6
global.js,60,js,17761975,M3lvinzz,2025-04-18,04:44:21,-07:00,2025-04-18T04:44:21-07:00,8,45
global.js,61,js,17761975,M3lvinzz,2025-04-18,04:44:21,-07:00,2025-04-18T04:44:21-07:00,8,34
global.js,62,js,17761975,M3lvinzz,2025-04-18,04:44:21,-07:00,2025-04-18T04:44:21-07:00,8,36
global.js,63,js,17761975,M3lvinzz,2025-04-18,04:44:21,-07:00,2025-04-18T04:44:21-07:00,6,7
global.js,64,js,17761975,M3lvinzz,2025-04-18,04:44:21,-07:00,2025-04-18T04:44:21-07:00,4,6
global.js,65,js,17761975,M3lvinzz,2025-04-18,04:44:21,-07:00,2025-04-18T04:44:21-07:00,2,0
global.js,66,js,17761975,M3lvinzz,2025-04-18,04:44:21,-07:00,2025-04-18T04:44:21-07:00,0,0
global.js,67,js,17761975,M3lvinzz,2025-04-18,04:44:21,-07:00,2025-04-18T04:44:21-07:00,0,0
global.js,68,js,00000000,Not Committed Yet,2025-05-10,19:01:00,-07:00,2025-05-10T19:01:00-07:00,0,44
global.js,69,js,00000000,Not Committed Yet,2025-05-10,19:01:00,-07:00,2025-05-10T19:01:00-07:00,0,49
global.js,70,js,00000000,Not Committed Yet,2025-05-10,19:01:00,-07:00,2025-05-10T19:01:00-07:00,1,57
global.js,71,js,00000000,Not Committed Yet,2025-05-10,19:01:00,-07:00,2025-05-10T19:01:00-07:00,1,41
global.js,72,js,00000000,Not Committed Yet,2025-05-10,19:01:00,-07:00,2025-05-10T19:01:00-07:00,2,13
global.js,73,js,00000000,Not Committed Yet,2025-05-10,19:01:00,-07:00,2025-05-10T19:01:00-07:00,2,16
global.js,74,js,00000000,Not Committed Yet,2025-05-10,19:01:00,-07:00,2025-05-10T19:01:00-07:00,1,0
global.js,75,js,00000000,Not Committed Yet,2025-05-10,19:01:00,-07:00,2025-05-10T19:01:00-07:00,1,44
global.js,76,js,17761975,M3lvinzz,2025-04-18,04:44:21,-07:00,2025-04-18T04:44:21-07:00,0,1
global.js,77,js,17761975,M3lvinzz,2025-04-18,04:44:21,-07:00,2025-04-18T04:44:21-07:00,0,0
global.js,78,js,00000000,Not Committed Yet,2025-05-10,19:01:00,-07:00,2025-05-10T19:01:00-07:00,0,34
global.js,79,js,00000000,Not Committed Yet,2025-05-10,19:01:00,-07:00,2025-05-10T19:01:00-07:00,1,40
global.js,80,js,00000000,Not Committed Yet,2025-05-10,19:01:00,-07:00,2025-05-10T19:01:00-07:00,1,69
global.js,81,js,00000000,Not Committed Yet,2025-05-10,19:01:00,-07:00,2025-05-10T19:01:00-07:00,1,24
global.js,82,js,17761975,M3lvinzz,2025-04-18,04:44:21,-07:00,2025-04-18T04:44:21-07:00,0,0
global.js,83,js,17761975,M3lvinzz,2025-04-18,04:44:21,-07:00,2025-04-18T04:44:21-07:00,0,0
global.js,84,js,00000000,Not Committed Yet,2025-05-10,19:01:00,-07:00,2025-05-10T19:01:00-07:00,0,42
global.js,85,js,17761975,M3lvinzz,2025-04-18,04:44:21,-07:00,2025-04-18T04:44:21-07:00,0,0
global.js,86,js,00000000,Not Committed Yet,2025-05-10,19:01:00,-07:00,2025-05-10T19:01:00-07:00,0,49
global.js,87,js,17761975,M3lvinzz,2025-04-18,04:44:21,-07:00,2025-04-18T04:44:21-07:00,1,21
global.js,88,js,17761975,M3lvinzz,2025-04-18,04:44:21,-07:00,2025-04-18T04:44:21-07:00,1,30
global.js,89,js,17761975,M3lvinzz,2025-04-18,04:44:21,-07:00,2025-04-18T04:44:21-07:00,1,14
global.js,90,js,17761975,M3lvinzz,2025-04-18,04:44:21,-07:00,2025-04-18T04:44:21-07:00,1,31
global.js,91,js,17761975,M3lvinzz,2025-04-18,04:44:21,-07:00,2025-04-18T04:44:21-07:00,2,70
global.js,92,js,17761975,M3lvinzz,2025-04-18,04:44:21,-07:00,2025-04-18T04:44:21-07:00,1,0
global.js,93,js,00000000,Not Committed Yet,2025-05-10,19:01:00,-07:00,2025-05-10T19:01:00-07:00,1,54
global.js,94,js,17761975,M3lvinzz,2025-04-18,04:44:21,-07:00,2025-04-18T04:44:21-07:00,1,18
global.js,95,js,17761975,M3lvinzz,2025-04-18,04:44:21,-07:00,2025-04-18T04:44:21-07:00,0,1
global.js,96,js,002bb1bd,M3lvinzz,2025-04-25,19:48:24,-07:00,2025-04-25T19:48:24-07:00,0,0
global.js,97,js,002bb1bd,M3lvinzz,2025-04-25,19:48:24,-07:00,2025-04-25T19:48:24-07:00,0,36
global.js,98,js,00000000,Not Committed Yet,2025-05-10,19:01:00,-07:00,2025-05-10T19:01:00-07:00,1,3
global.js,99,js,00000000,Not Committed Yet,2025-05-10,19:01:00,-07:00,2025-05-10T19:01:00-07:00,2,39
global.js,100,js,00000000,Not Committed Yet,2025-05-10,19:01:00,-07:00,2025-05-10T19:01:00-07:00,2,32
global.js,101,js,00000000,Not Committed Yet,2025-05-10,19:01:00,-07:00,2025-05-10T19:01:00-07:00,0,0
global.js,102,js,00000000,Not Committed Yet,2025-05-10,19:01:00,-07:00,2025-05-10T19:01:00-07:00,2,17
global.js,103,js,00000000,Not Committed Yet,2025-05-10,19:01:00,-07:00,2025-05-10T19:01:00-07:00,3,66
global.js,104,js,002bb1bd,M3lvinzz,2025-04-25,19:48:24,-07:00,2025-04-25T19:48:24-07:00,2,0
global.js,105,js,00000000,Not Committed Yet,2025-05-10,19:01:00,-07:00,2025-05-10T19:01:00-07:00,0,0
global.js,106,js,00000000,Not Committed Yet,2025-05-10,19:01:00,-07:00,2025-05-10T19:01:00-07:00,2,33
global.js,107,js,00000000,Not Committed Yet,2025-05-10,19:01:00,-07:00,2025-05-10T19:01:00-07:00,2,10
global.js,108,js,00000000,Not Committed Yet,2025-05-10,19:01:00,-07:00,2025-05-10T19:01:00-07:00,1,15
global.js,109,js,00000000,Not Committed Yet,2025-05-10,19:01:00,-07:00,2025-05-10T19:01:00-07:00,2,59
global.js,110,js,002bb1bd,M3lvinzz,2025-04-25,19:48:24,-07:00,2025-04-25T19:48:24-07:00,1,0
global.js,111,js,00000000,Not Committed Yet,2025-05-10,19:01:00,-07:00,2025-05-10T19:01:00-07:00,0,0
global.js,112,js,002bb1bd,M3lvinzz,2025-04-25,19:48:24,-07:00,2025-04-25T19:48:24-07:00,0,0
global.js,113,js,00000000,Not Committed Yet,2025-05-10,19:01:00,-07:00,2025-05-10T19:01:00-07:00,0,29
global.js,114,js,00000000,Not Committed Yet,2025-05-10,19:01:00,-07:00,2025-05-10T19:01:00-07:00,1,7
global.js,115,js,00000000,Not Committed Yet,2025-05-10,19:01:00,-07:00,2025-05-10T19:01:00-07:00,1,15
global.js,116,js,00000000,Not Committed Yet,2025-05-10,19:01:00,-07:00,2025-05-10T19:01:00-07:00,1,17
global.js,117,js,00000000,Not Committed Yet,2025-05-10,19:01:00,-07:00,2025-05-10T19:01:00-07:00,0,1
global.js,118,js,00000000,Not Committed Yet,2025-05-10,19:01:00,-07:00,2025-05-10T19:01:00-07:00,1,30
global.js,119,js,00000000,Not Committed Yet,2025-05-10,19:01:00,-07:00,2025-05-10T19:01:00-07:00,0,0
global.js,120,js,00000000,Not Committed Yet,2025-05-10,19:01:00,-07:00,2025-05-10T19:01:00-07:00,1,41
global.js,121,js,00000000,Not Committed Yet,2025-05-10,19:01:00,-07:00,2025-05-10T19:01:00-07:00,2,48
global.js,122,js,00000000,Not Committed Yet,2025-05-10,19:01:00,-07:00,2025-05-10T19:01:00-07:00,0,0
global.js,123,js,00000000,Not Committed Yet,2025-05-10,19:01:00,-07:00,2025-05-10T19:01:00-07:00,2,40
global.js,124,js,00000000,Not Committed Yet,2025-05-10,19:01:00,-07:00,2025-05-10T19:01:00-07:00,2,26
global.js,125,js,00000000,Not Committed Yet,2025-05-10,19:01:00,-07:00,2025-05-10T19:01:00-07:00,2,26
global.js,126,js,00000000,Not Committed Yet,2025-05-10,19:01:00,-07:00,2025-05-10T19:01:00-07:00,0,0
global.js,127,js,00000000,Not Committed Yet,2025-05-10,19:01:00,-07:00,2025-05-10T19:01:00-07:00,2,51
global.js,128,js,00000000,Not Committed Yet,2025-05-10,19:01:00,-07:00,2025-05-10T19:01:00-07:00,2,38
global.js,129,js,00000000,Not Committed Yet,2025-05-10,19:01:00,-07:00,2025-05-10T19:01:00-07:00,0,0
global.js,130,js,00000000,Not Committed Yet,2025-05-10,19:01:00,-07:00,2025-05-10T19:01:00-07:00,2,46
global.js,131,js,00000000,Not Committed Yet,2025-05-10,19:01:00,-07:00,2025-05-10T19:01:00-07:00,2,48
global.js,132,js,00000000,Not Committed Yet,2025-05-10,19:01:00,-07:00,2025-05-10T19:01:00-07:00,0,0
global.js,133,js,00000000,Not Committed Yet,2025-05-10,19:01:00,-07:00,2025-05-10T19:01:00-07:00,2,39
global.js,134,js,00000000,Not Committed Yet,2025-05-10,19:01:00,-07:00,2025-05-10T19:01:00-07:00,2,25
global.js,135,js,00000000,Not Committed Yet,2025-05-10,19:01:00,-07:00,2025-05-10T19:01:00-07:00,2,42
global.js,136,js,00000000,Not Committed Yet,2025-05-10,19:01:00,-07:00,2025-05-10T19:01:00-07:00,0,0
global.js,137,js,00000000,Not Committed Yet,2025-05-10,19:01:00,-07:00,2025-05-10T19:01:00-07:00,2,48
global.js,138,js,00000000,Not Committed Yet,2025-05-10,19:01:00,-07:00,2025-05-10T19:01:00-07:00,2,35
global.js,139,js,00000000,Not Committed Yet,2025-05-10,19:01:00,-07:00,2025-05-10T19:01:00-07:00,2,28
global.js,140,js,00000000,Not Committed Yet,2025-05-10,19:01:00,-07:00,2025-05-10T19:01:00-07:00,0,0
global.js,141,js,00000000,Not Committed Yet,2025-05-10,19:01:00,-07:00,2025-05-10T19:01:00-07:00,2,27
global.js,142,js,00000000,Not Committed Yet,2025-05-10,19:01:00,-07:00,2025-05-10T19:01:00-07:00,2,23
global.js,143,js,00000000,Not Committed Yet,2025-05-10,19:01:00,-07:00,2025-05-10T19:01:00-07:00,2,34
global.js,144,js,00000000,Not Committed Yet,2025-05-10,19:01:00,-07:00,2025-05-10T19:01:00-07:00,2,27
global.js,145,js,00000000,Not Committed Yet,2025-05-10,19:01:00,-07:00,2025-05-10T19:01:00-07:00,2,31
global.js,146,js,00000000,Not Committed Yet,2025-05-10,19:01:00,-07:00,2025-05-10T19:01:00-07:00,0,0
global.js,147,js,00000000,Not Committed Yet,2025-05-10,19:01:00,-07:00,2025-05-10T19:01:00-07:00,2,36
global.js,148,js,002bb1bd,M3lvinzz,2025-04-25,19:48:24,-07:00,2025-04-25T19:48:24-07:00,1,0
global.js,149,js,00000000,Not Committed Yet,2025-05-10,19:01:00,-07:00,2025-05-10T19:01:00-07:00,0,0
global.js,150,js,00000000,Not Committed Yet,2025-05-10,19:01:00,-07:00,2025-05-10T19:01:00-07:00,0,0
global.js,151,js,00000000,Not Committed Yet,2025-05-10,19:01:00,-07:00,2025-05-10T19:01:00-07:00,0,47
global.js,152,js,00000000,Not Committed Yet,2025-05-10,19:01:00,-07:00,2025-05-10T19:01:00-07:00,1,59
global.js,153,js,00000000,Not Committed Yet,2025-05-10,19:01:00,-07:00,2025-05-10T19:01:00-07:00,0,0
resume\index.html,1,html,fb05114d,M3lvinzz,2025-04-04,22:46:52,-07:00,2025-04-04T22:46:52-07:00,0,13
resume\index.html,2,html,fb05114d,M3lvinzz,2025-04-04,22:46:52,-07:00,2025-04-04T22:46:52-07:00,0,14
resume\index.html,3,html,fb05114d,M3lvinzz,2025-04-04,22:46:52,-07:00,2025-04-04T22:46:52-07:00,0,4
resume\index.html,4,html,fb05114d,M3lvinzz,2025-04-04,22:46:52,-07:00,2025-04-04T22:46:52-07:00,2,20
resume\index.html,5,html,fb05114d,M3lvinzz,2025-04-04,22:46:52,-07:00,2025-04-04T22:46:52-07:00,2,68
resume\index.html,6,html,fb05114d,M3lvinzz,2025-04-04,22:46:52,-07:00,2025-04-04T22:46:52-07:00,2,19
resume\index.html,7,html,fb05114d,M3lvinzz,2025-04-04,22:46:52,-07:00,2025-04-04T22:46:52-07:00,0,0
resume\index.html,8,html,fb05114d,M3lvinzz,2025-04-04,22:46:52,-07:00,2025-04-04T22:46:52-07:00,2,45
resume\index.html,9,html,17761975,M3lvinzz,2025-04-18,04:44:21,-07:00,2025-04-18T04:44:21-07:00,2,8
resume\index.html,10,html,fb05114d,M3lvinzz,2025-04-04,22:46:52,-07:00,2025-04-04T22:46:52-07:00,4,2
resume\index.html,11,html,17761975,M3lvinzz,2025-04-18,04:44:21,-07:00,2025-04-18T04:44:21-07:00,6,40
resume\index.html,12,html,17761975,M3lvinzz,2025-04-18,04:44:21,-07:00,2025-04-18T04:44:21-07:00,6,51
resume\index.html,13,html,17761975,M3lvinzz,2025-04-18,04:44:21,-07:00,2025-04-18T04:44:21-07:00,6,53
resume\index.html,14,html,17761975,M3lvinzz,2025-04-18,04:44:21,-07:00,2025-04-18T04:44:21-07:00,6,67
resume\index.html,15,html,17761975,M3lvinzz,2025-04-18,04:44:21,-07:00,2025-04-18T04:44:21-07:00,6,72
resume\index.html,16,html,fb05114d,M3lvinzz,2025-04-04,22:46:52,-07:00,2025-04-04T22:46:52-07:00,4,3
resume\index.html,17,html,17761975,M3lvinzz,2025-04-18,04:44:21,-07:00,2025-04-18T04:44:21-07:00,2,8
resume\index.html,18,html,fb05114d,M3lvinzz,2025-04-04,22:46:52,-07:00,2025-04-04T22:46:52-07:00,0,0
resume\index.html,19,html,fb05114d,M3lvinzz,2025-04-04,22:46:52,-07:00,2025-04-04T22:46:52-07:00,0,5
resume\index.html,20,html,254bc527,M3lvinzz,2025-04-11,19:39:09,-07:00,2025-04-11T19:39:09-07:00,0,21
resume\index.html,21,html,fb05114d,M3lvinzz,2025-04-04,22:46:52,-07:00,2025-04-04T22:46:52-07:00,2,7
resume\index.html,22,html,fb05114d,M3lvinzz,2025-04-04,22:46:52,-07:00,2025-04-04T22:46:52-07:00,4,30
resume\index.html,23,html,254bc527,M3lvinzz,2025-04-11,19:39:09,-07:00,2025-04-11T19:39:09-07:00,6,2
resume\index.html,24,html,254bc527,M3lvinzz,2025-04-11,19:39:09,-07:00,2025-04-11T19:39:09-07:00,8,30
resume\index.html,25,html,254bc527,M3lvinzz,2025-04-11,19:39:09,-07:00,2025-04-11T19:39:09-07:00,8,9
resume\index.html,26,html,254bc527,M3lvinzz,2025-04-11,19:39:09,-07:00,2025-04-11T19:39:09-07:00,8,10
resume\index.html,27,html,254bc527,M3lvinzz,2025-04-11,19:39:09,-07:00,2025-04-11T19:39:09-07:00,6,0
resume\index.html,28,html,fb05114d,M3lvinzz,2025-04-04,22:46:52,-07:00,2025-04-04T22:46:52-07:00,6,17
resume\index.html,29,html,254bc527,M3lvinzz,2025-04-11,19:39:09,-07:00,2025-04-11T19:39:09-07:00,6,202
resume\index.html,30,html,fb05114d,M3lvinzz,2025-04-04,22:46:52,-07:00,2025-04-04T22:46:52-07:00,4,8
resume\index.html,31,html,fb05114d,M3lvinzz,2025-04-04,22:46:52,-07:00,2025-04-04T22:46:52-07:00,0,0
resume\index.html,32,html,fb05114d,M3lvinzz,2025-04-04,22:46:52,-07:00,2025-04-04T22:46:52-07:00,4,7
resume\index.html,33,html,fb05114d,M3lvinzz,2025-04-04,22:46:52,-07:00,2025-04-04T22:46:52-07:00,6,16
resume\index.html,34,html,fb05114d,M3lvinzz,2025-04-04,22:46:52,-07:00,2025-04-04T22:46:52-07:00,6,1
resume\index.html,35,html,fb05114d,M3lvinzz,2025-04-04,22:46:52,-07:00,2025-04-04T22:46:52-07:00,8,131
resume\index.html,36,html,fb05114d,M3lvinzz,2025-04-04,22:46:52,-07:00,2025-04-04T22:46:52-07:00,8,29
resume\index.html,37,html,fb05114d,M3lvinzz,2025-04-04,22:46:52,-07:00,2025-04-04T22:46:52-07:00,8,56
resume\index.html,38,html,fb05114d,M3lvinzz,2025-04-04,22:46:52,-07:00,2025-04-04T22:46:52-07:00,8,19
resume\index.html,39,html,254bc527,M3lvinzz,2025-04-11,19:39:09,-07:00,2025-04-11T19:39:09-07:00,10,85
resume\index.html,40,html,254bc527,M3lvinzz,2025-04-11,19:39:09,-07:00,2025-04-11T19:39:09-07:00,10,84
resume\index.html,41,html,254bc527,M3lvinzz,2025-04-11,19:39:09,-07:00,2025-04-11T19:39:09-07:00,10,83
resume\index.html,42,html,fb05114d,M3lvinzz,2025-04-04,22:46:52,-07:00,2025-04-04T22:46:52-07:00,6,2
resume\index.html,43,html,fb05114d,M3lvinzz,2025-04-04,22:46:52,-07:00,2025-04-04T22:46:52-07:00,4,8
resume\index.html,44,html,fb05114d,M3lvinzz,2025-04-04,22:46:52,-07:00,2025-04-04T22:46:52-07:00,4,0
resume\index.html,45,html,fb05114d,M3lvinzz,2025-04-04,22:46:52,-07:00,2025-04-04T22:46:52-07:00,4,7
resume\index.html,46,html,fb05114d,M3lvinzz,2025-04-04,22:46:52,-07:00,2025-04-04T22:46:52-07:00,6,17
resume\index.html,47,html,fb05114d,M3lvinzz,2025-04-04,22:46:52,-07:00,2025-04-04T22:46:52-07:00,6,1
resume\index.html,48,html,fb05114d,M3lvinzz,2025-04-04,22:46:52,-07:00,2025-04-04T22:46:52-07:00,8,83
resume\index.html,49,html,fb05114d,M3lvinzz,2025-04-04,22:46:52,-07:00,2025-04-04T22:46:52-07:00,8,2
resume\index.html,50,html,fb05114d,M3lvinzz,2025-04-04,22:46:52,-07:00,2025-04-04T22:46:52-07:00,10,48
resume\index.html,51,html,fb05114d,M3lvinzz,2025-04-04,22:46:52,-07:00,2025-04-04T22:46:52-07:00,10,62
resume\index.html,52,html,fb05114d,M3lvinzz,2025-04-04,22:46:52,-07:00,2025-04-04T22:46:52-07:00,10,39
resume\index.html,53,html,fb05114d,M3lvinzz,2025-04-04,22:46:52,-07:00,2025-04-04T22:46:52-07:00,8,3
resume\index.html,54,html,fb05114d,M3lvinzz,2025-04-04,22:46:52,-07:00,2025-04-04T22:46:52-07:00,6,2
resume\index.html,55,html,fb05114d,M3lvinzz,2025-04-04,22:46:52,-07:00,2025-04-04T22:46:52-07:00,6,1
resume\index.html,56,html,fb05114d,M3lvinzz,2025-04-04,22:46:52,-07:00,2025-04-04T22:46:52-07:00,8,82
resume\index.html,57,html,fb05114d,M3lvinzz,2025-04-04,22:46:52,-07:00,2025-04-04T22:46:52-07:00,8,2
resume\index.html,58,html,fb05114d,M3lvinzz,2025-04-04,22:46:52,-07:00,2025-04-04T22:46:52-07:00,10,38
resume\index.html,59,html,fb05114d,M3lvinzz,2025-04-04,22:46:52,-07:00,2025-04-04T22:46:52-07:00,10,55
resume\index.html,60,html,fb05114d,M3lvinzz,2025-04-04,22:46:52,-07:00,2025-04-04T22:46:52-07:00,10,52
resume\index.html,61,html,fb05114d,M3lvinzz,2025-04-04,22:46:52,-07:00,2025-04-04T22:46:52-07:00,8,3
resume\index.html,62,html,fb05114d,M3lvinzz,2025-04-04,22:46:52,-07:00,2025-04-04T22:46:52-07:00,6,2
resume\index.html,63,html,fb05114d,M3lvinzz,2025-04-04,22:46:52,-07:00,2025-04-04T22:46:52-07:00,4,8
resume\index.html,64,html,fb05114d,M3lvinzz,2025-04-04,22:46:52,-07:00,2025-04-04T22:46:52-07:00,0,0
resume\index.html,65,html,fb05114d,M3lvinzz,2025-04-04,22:46:52,-07:00,2025-04-04T22:46:52-07:00,4,7
resume\index.html,66,html,fb05114d,M3lvinzz,2025-04-04,22:46:52,-07:00,2025-04-04T22:46:52-07:00,6,13
resume\index.html,67,html,fb05114d,M3lvinzz,2025-04-04,22:46:52,-07:00,2025-04-04T22:46:52-07:00,6,1
resume\index.html,68,html,fb05114d,M3lvinzz,2025-04-04,22:46:52,-07:00,2025-04-04T22:46:52-07:00,8,2
resume\index.html,69,html,fb05114d,M3lvinzz,2025-04-04,22:46:52,-07:00,2025-04-04T22:46:52-07:00,10,77
resume\index.html,70,html,fb05114d,M3lvinzz,2025-04-04,22:46:52,-07:00,2025-04-04T22:46:52-07:00,10,62
resume\index.html,71,html,fb05114d,M3lvinzz,2025-04-04,22:46:52,-07:00,2025-04-04T22:46:52-07:00,10,26
resume\index.html,72,html,fb05114d,M3lvinzz,2025-04-04,22:46:52,-07:00,2025-04-04T22:46:52-07:00,8,3
resume\index.html,73,html,fb05114d,M3lvinzz,2025-04-04,22:46:52,-07:00,2025-04-04T22:46:52-07:00,6,2
resume\index.html,74,html,fb05114d,M3lvinzz,2025-04-04,22:46:52,-07:00,2025-04-04T22:46:52-07:00,4,8
resume\index.html,75,html,fb05114d,M3lvinzz,2025-04-04,22:46:52,-07:00,2025-04-04T22:46:52-07:00,2,8
resume\index.html,76,html,17761975,M3lvinzz,2025-04-18,04:44:21,-07:00,2025-04-18T04:44:21-07:00,2,52
resume\index.html,77,html,17761975,M3lvinzz,2025-04-18,04:44:21,-07:00,2025-04-18T04:44:21-07:00,0,0
resume\index.html,78,html,fb05114d,M3lvinzz,2025-04-04,22:46:52,-07:00,2025-04-04T22:46:52-07:00,0,5
resume\index.html,79,html,fb05114d,M3lvinzz,2025-04-04,22:46:52,-07:00,2025-04-04T22:46:52-07:00,0,5
projects\projects.js,1,js,dd4c2e89,M3lvinzz,2025-05-02,23:29:53,-07:00,2025-05-02T23:29:53-07:00,0,55
projects\projects.js,2,js,00000000,Not Committed Yet,2025-05-10,19:01:00,-07:00,2025-05-10T19:01:00-07:00,0,63
projects\projects.js,3,js,002bb1bd,M3lvinzz,2025-04-25,19:48:24,-07:00,2025-04-25T19:48:24-07:00,0,0
projects\projects.js,4,js,00000000,Not Committed Yet,2025-05-10,19:01:00,-07:00,2025-05-10T19:01:00-07:00,0,55
projects\projects.js,5,js,00000000,Not Committed Yet,2025-05-10,19:01:00,-07:00,2025-05-10T19:01:00-07:00,0,60
projects\projects.js,6,js,00000000,Not Committed Yet,2025-05-10,19:01:00,-07:00,2025-05-10T19:01:00-07:00,0,48
projects\projects.js,7,js,002bb1bd,M3lvinzz,2025-04-25,19:48:24,-07:00,2025-04-25T19:48:24-07:00,0,0
projects\projects.js,8,js,dd4c2e89,M3lvinzz,2025-05-02,23:29:53,-07:00,2025-05-02T23:29:53-07:00,0,57
projects\projects.js,9,js,dd4c2e89,M3lvinzz,2025-05-02,23:29:53,-07:00,2025-05-02T23:29:53-07:00,0,0
projects\projects.js,10,js,dd4c2e89,M3lvinzz,2025-05-02,23:29:53,-07:00,2025-05-02T23:29:53-07:00,0,47
projects\projects.js,11,js,dd4c2e89,M3lvinzz,2025-05-02,23:29:53,-07:00,2025-05-02T23:29:53-07:00,0,0
projects\projects.js,12,js,dd4c2e89,M3lvinzz,2025-05-02,23:29:53,-07:00,2025-05-02T23:29:53-07:00,0,20
projects\projects.js,13,js,dd4c2e89,M3lvinzz,2025-05-02,23:29:53,-07:00,2025-05-02T23:29:53-07:00,0,21
projects\projects.js,14,js,00000000,Not Committed Yet,2025-05-10,19:01:00,-07:00,2025-05-10T19:01:00-07:00,0,13
projects\projects.js,15,js,dd4c2e89,M3lvinzz,2025-05-02,23:29:53,-07:00,2025-05-02T23:29:53-07:00,0,0
projects\projects.js,16,js,dd4c2e89,M3lvinzz,2025-05-02,23:29:53,-07:00,2025-05-02T23:29:53-07:00,0,59
projects\projects.js,17,js,00000000,Not Committed Yet,2025-05-10,19:01:00,-07:00,2025-05-10T19:01:00-07:00,1,35
projects\projects.js,18,js,00000000,Not Committed Yet,2025-05-10,19:01:00,-07:00,2025-05-10T19:01:00-07:00,2,71
projects\projects.js,19,js,00000000,Not Committed Yet,2025-05-10,19:01:00,-07:00,2025-05-10T19:01:00-07:00,2,68
projects\projects.js,20,js,00000000,Not Committed Yet,2025-05-10,19:01:00,-07:00,2025-05-10T19:01:00-07:00,2,18
projects\projects.js,21,js,00000000,Not Committed Yet,2025-05-10,19:01:00,-07:00,2025-05-10T19:01:00-07:00,3,58
projects\projects.js,22,js,00000000,Not Committed Yet,2025-05-10,19:01:00,-07:00,2025-05-10T19:01:00-07:00,2,33
projects\projects.js,23,js,00000000,Not Committed Yet,2025-05-10,19:01:00,-07:00,2025-05-10T19:01:00-07:00,1,1
projects\projects.js,24,js,dd4c2e89,M3lvinzz,2025-05-02,23:29:53,-07:00,2025-05-02T23:29:53-07:00,0,0
projects\projects.js,25,js,dd4c2e89,M3lvinzz,2025-05-02,23:29:53,-07:00,2025-05-02T23:29:53-07:00,0,0
projects\projects.js,26,js,dd4c2e89,M3lvinzz,2025-05-02,23:29:53,-07:00,2025-05-02T23:29:53-07:00,0,38
projects\projects.js,27,js,00000000,Not Committed Yet,2025-05-10,19:01:00,-07:00,2025-05-10T19:01:00-07:00,1,29
projects\projects.js,28,js,00000000,Not Committed Yet,2025-05-10,19:01:00,-07:00,2025-05-10T19:01:00-07:00,2,12
projects\projects.js,29,js,00000000,Not Committed Yet,2025-05-10,19:01:00,-07:00,2025-05-10T19:01:00-07:00,2,14
projects\projects.js,30,js,00000000,Not Committed Yet,2025-05-10,19:01:00,-07:00,2025-05-10T19:01:00-07:00,2,11
projects\projects.js,31,js,00000000,Not Committed Yet,2025-05-10,19:01:00,-07:00,2025-05-10T19:01:00-07:00,1,0
projects\projects.js,32,js,00000000,Not Committed Yet,2025-05-10,19:01:00,-07:00,2025-05-10T19:01:00-07:00,1,51
projects\projects.js,33,js,00000000,Not Committed Yet,2025-05-10,19:01:00,-07:00,2025-05-10T19:01:00-07:00,2,11
projects\projects.js,34,js,00000000,Not Committed Yet,2025-05-10,19:01:00,-07:00,2025-05-10T19:01:00-07:00,2,10
projects\projects.js,35,js,00000000,Not Committed Yet,2025-05-10,19:01:00,-07:00,2025-05-10T19:01:00-07:00,1,2
projects\projects.js,36,js,00000000,Not Committed Yet,2025-05-10,19:01:00,-07:00,2025-05-10T19:01:00-07:00,1,40
projects\projects.js,37,js,dd4c2e89,M3lvinzz,2025-05-02,23:29:53,-07:00,2025-05-02T23:29:53-07:00,0,0
projects\projects.js,38,js,00000000,Not Committed Yet,2025-05-10,19:01:00,-07:00,2025-05-10T19:01:00-07:00,1,53
projects\projects.js,39,js,00000000,Not Committed Yet,2025-05-10,19:01:00,-07:00,2025-05-10T19:01:00-07:00,1,42
projects\projects.js,40,js,00000000,Not Committed Yet,2025-05-10,19:01:00,-07:00,2025-05-10T19:01:00-07:00,1,51
projects\projects.js,41,js,dd4c2e89,M3lvinzz,2025-05-02,23:29:53,-07:00,2025-05-02T23:29:53-07:00,0,0
projects\projects.js,42,js,00000000,Not Committed Yet,2025-05-10,19:01:00,-07:00,2025-05-10T19:01:00-07:00,1,32
projects\projects.js,43,js,00000000,Not Committed Yet,2025-05-10,19:01:00,-07:00,2025-05-10T19:01:00-07:00,1,30
projects\projects.js,44,js,dd4c2e89,M3lvinzz,2025-05-02,23:29:53,-07:00,2025-05-02T23:29:53-07:00,0,0
projects\projects.js,45,js,00000000,Not Committed Yet,2025-05-10,19:01:00,-07:00,2025-05-10T19:01:00-07:00,1,27
projects\projects.js,46,js,00000000,Not Committed Yet,2025-05-10,19:01:00,-07:00,2025-05-10T19:01:00-07:00,2,4
projects\projects.js,47,js,00000000,Not Committed Yet,2025-05-10,19:01:00,-07:00,2025-05-10T19:01:00-07:00,3,11
projects\projects.js,48,js,00000000,Not Committed Yet,2025-05-10,19:01:00,-07:00,2025-05-10T19:01:00-07:00,3,38
projects\projects.js,49,js,00000000,Not Committed Yet,2025-05-10,19:01:00,-07:00,2025-05-10T19:01:00-07:00,3,27
projects\projects.js,50,js,00000000,Not Committed Yet,2025-05-10,19:01:00,-07:00,2025-05-10T19:01:00-07:00,3,69
projects\projects.js,51,js,00000000,Not Committed Yet,2025-05-10,19:01:00,-07:00,2025-05-10T19:01:00-07:00,1,1
projects\projects.js,52,js,dd4c2e89,M3lvinzz,2025-05-02,23:29:53,-07:00,2025-05-02T23:29:53-07:00,0,0
projects\projects.js,53,js,00000000,Not Committed Yet,2025-05-10,19:01:00,-07:00,2025-05-10T19:01:00-07:00,1,25
projects\projects.js,54,js,00000000,Not Committed Yet,2025-05-10,19:01:00,-07:00,2025-05-10T19:01:00-07:00,1,29
projects\projects.js,55,js,00000000,Not Committed Yet,2025-05-10,19:01:00,-07:00,2025-05-10T19:01:00-07:00,1,27
projects\projects.js,56,js,00000000,Not Committed Yet,2025-05-10,19:01:00,-07:00,2025-05-10T19:01:00-07:00,2,12
projects\projects.js,57,js,00000000,Not Committed Yet,2025-05-10,19:01:00,-07:00,2025-05-10T19:01:00-07:00,3,13
projects\projects.js,58,js,00000000,Not Committed Yet,2025-05-10,19:01:00,-07:00,2025-05-10T19:01:00-07:00,3,13
projects\projects.js,59,js,00000000,Not Committed Yet,2025-05-10,19:01:00,-07:00,2025-05-10T19:01:00-07:00,3,22
projects\projects.js,60,js,00000000,Not Committed Yet,2025-05-10,19:01:00,-07:00,2025-05-10T19:01:00-07:00,3,18
projects\projects.js,61,js,00000000,Not Committed Yet,2025-05-10,19:01:00,-07:00,2025-05-10T19:01:00-07:00,4,43
projects\projects.js,62,js,00000000,Not Committed Yet,2025-05-10,19:01:00,-07:00,2025-05-10T19:01:00-07:00,4,1
projects\projects.js,63,js,00000000,Not Committed Yet,2025-05-10,19:01:00,-07:00,2025-05-10T19:01:00-07:00,5,16
projects\projects.js,64,js,00000000,Not Committed Yet,2025-05-10,19:01:00,-07:00,2025-05-10T19:01:00-07:00,5,68
projects\projects.js,65,js,00000000,Not Committed Yet,2025-05-10,19:01:00,-07:00,2025-05-10T19:01:00-07:00,4,4
projects\projects.js,66,js,00000000,Not Committed Yet,2025-05-10,19:01:00,-07:00,2025-05-10T19:01:00-07:00,5,14
projects\projects.js,67,js,00000000,Not Committed Yet,2025-05-10,19:01:00,-07:00,2025-05-10T19:01:00-07:00,5,4
projects\projects.js,68,js,00000000,Not Committed Yet,2025-05-10,19:01:00,-07:00,2025-05-10T19:01:00-07:00,6,6
projects\projects.js,69,js,00000000,Not Committed Yet,2025-05-10,19:01:00,-07:00,2025-05-10T19:01:00-07:00,6,66
projects\projects.js,70,js,00000000,Not Committed Yet,2025-05-10,19:01:00,-07:00,2025-05-10T19:01:00-07:00,5,0
projects\projects.js,71,js,dd4c2e89,M3lvinzz,2025-05-02,23:29:53,-07:00,2025-05-02T23:29:53-07:00,0,0
projects\projects.js,72,js,00000000,Not Committed Yet,2025-05-10,19:01:00,-07:00,2025-05-10T19:01:00-07:00,4,25
projects\projects.js,73,js,00000000,Not Committed Yet,2025-05-10,19:01:00,-07:00,2025-05-10T19:01:00-07:00,5,20
projects\projects.js,74,js,00000000,Not Committed Yet,2025-05-10,19:01:00,-07:00,2025-05-10T19:01:00-07:00,4,6
projects\projects.js,75,js,00000000,Not Committed Yet,2025-05-10,19:01:00,-07:00,2025-05-10T19:01:00-07:00,5,42
projects\projects.js,76,js,00000000,Not Committed Yet,2025-05-10,19:01:00,-07:00,2025-05-10T19:01:00-07:00,5,41
projects\projects.js,77,js,00000000,Not Committed Yet,2025-05-10,19:01:00,-07:00,2025-05-10T19:01:00-07:00,6,7
projects\projects.js,78,js,00000000,Not Committed Yet,2025-05-10,19:01:00,-07:00,2025-05-10T19:01:00-07:00,6,11
projects\projects.js,79,js,00000000,Not Committed Yet,2025-05-10,19:01:00,-07:00,2025-05-10T19:01:00-07:00,6,3
projects\projects.js,80,js,00000000,Not Committed Yet,2025-05-10,19:01:00,-07:00,2025-05-10T19:01:00-07:00,5,0
projects\projects.js,81,js,00000000,Not Committed Yet,2025-05-10,19:01:00,-07:00,2025-05-10T19:01:00-07:00,5,56
projects\projects.js,82,js,dd4c2e89,M3lvinzz,2025-05-02,23:29:53,-07:00,2025-05-02T23:29:53-07:00,4,0
projects\projects.js,83,js,00000000,Not Committed Yet,2025-05-10,19:01:00,-07:00,2025-05-10T19:01:00-07:00,3,1
projects\projects.js,84,js,00000000,Not Committed Yet,2025-05-10,19:01:00,-07:00,2025-05-10T19:01:00-07:00,2,24
projects\projects.js,85,js,00000000,Not Committed Yet,2025-05-10,19:01:00,-07:00,2025-05-10T19:01:00-07:00,3,29
projects\projects.js,86,js,00000000,Not Committed Yet,2025-05-10,19:01:00,-07:00,2025-05-10T19:01:00-07:00,2,0
projects\projects.js,87,js,00000000,Not Committed Yet,2025-05-10,19:01:00,-07:00,2025-05-10T19:01:00-07:00,1,1
projects\projects.js,88,js,dd4c2e89,M3lvinzz,2025-05-02,23:29:53,-07:00,2025-05-02T23:29:53-07:00,0,0
projects\projects.js,89,js,dd4c2e89,M3lvinzz,2025-05-02,23:29:53,-07:00,2025-05-02T23:29:53-07:00,0,0
projects\projects.js,90,js,dd4c2e89,M3lvinzz,2025-05-02,23:29:53,-07:00,2025-05-02T23:29:53-07:00,0,38
projects\projects.js,91,js,00000000,Not Committed Yet,2025-05-10,19:01:00,-07:00,2025-05-10T19:01:00-07:00,1,56
projects\projects.js,92,js,00000000,Not Committed Yet,2025-05-10,19:01:00,-07:00,2025-05-10T19:01:00-07:00,1,31
projects\projects.js,93,js,dd4c2e89,M3lvinzz,2025-05-02,23:29:53,-07:00,2025-05-02T23:29:53-07:00,0,0
projects\projects.js,94,js,dd4c2e89,M3lvinzz,2025-05-02,23:29:53,-07:00,2025-05-02T23:29:53-07:00,0,0
projects\projects.js,95,js,00000000,Not Committed Yet,2025-05-10,19:01:00,-07:00,2025-05-10T19:01:00-07:00,0,53
projects\projects.js,96,js,00000000,Not Committed Yet,2025-05-10,19:01:00,-07:00,2025-05-10T19:01:00-07:00,0,48
projects\projects.js,97,js,00000000,Not Committed Yet,2025-05-10,19:01:00,-07:00,2025-05-10T19:01:00-07:00,1,25
projects\projects.js,98,js,00000000,Not Committed Yet,2025-05-10,19:01:00,-07:00,2025-05-10T19:01:00-07:00,1,16
projects\projects.js,99,js,00000000,Not Committed Yet,2025-05-10,19:01:00,-07:00,2025-05-10T19:01:00-07:00,1,72
projects\projects.js,100,js,00000000,Not Committed Yet,2025-05-10,19:01:00,-07:00,2025-05-10T19:01:00-07:00,1,28
projects\projects.js,101,js,dd4c2e89,M3lvinzz,2025-05-02,23:29:53,-07:00,2025-05-02T23:29:53-07:00,0,1
projects\projects.js,102,js,dd4c2e89,M3lvinzz,2025-05-02,23:29:53,-07:00,2025-05-02T23:29:53-07:00,0,0
projects\projects.js,103,js,00000000,Not Committed Yet,2025-05-10,19:01:00,-07:00,2025-05-10T19:01:00-07:00,0,20
projects\index.html,1,html,0850e583,M3lvinzz,2025-04-02,00:28:04,-07:00,2025-04-02T00:28:04-07:00,0,13
projects\index.html,2,html,0850e583,M3lvinzz,2025-04-02,00:28:04,-07:00,2025-04-02T00:28:04-07:00,0,14
projects\index.html,3,html,00000000,Not Committed Yet,2025-05-10,19:01:00,-07:00,2025-05-10T19:01:00-07:00,1,4
projects\index.html,4,html,00000000,Not Committed Yet,2025-05-10,19:01:00,-07:00,2025-05-10T19:01:00-07:00,2,22
projects\index.html,5,html,00000000,Not Committed Yet,2025-05-10,19:01:00,-07:00,2025-05-10T19:01:00-07:00,2,70
projects\index.html,6,html,0850e583,M3lvinzz,2025-04-02,00:28:04,-07:00,2025-04-02T00:28:04-07:00,2,21
projects\index.html,7,html,0850e583,M3lvinzz,2025-04-02,00:28:04,-07:00,2025-04-02T00:28:04-07:00,0,0
projects\index.html,8,html,00000000,Not Committed Yet,2025-05-10,19:01:00,-07:00,2025-05-10T19:01:00-07:00,2,43
projects\index.html,9,html,0850e583,M3lvinzz,2025-04-02,00:28:04,-07:00,2025-04-02T00:28:04-07:00,0,0
projects\index.html,10,html,17761975,M3lvinzz,2025-04-18,04:44:21,-07:00,2025-04-18T04:44:21-07:00,2,8
projects\index.html,11,html,0850e583,M3lvinzz,2025-04-02,00:28:04,-07:00,2025-04-02T00:28:04-07:00,4,2
projects\index.html,12,html,17761975,M3lvinzz,2025-04-18,04:44:21,-07:00,2025-04-18T04:44:21-07:00,6,40
projects\index.html,13,html,17761975,M3lvinzz,2025-04-18,04:44:21,-07:00,2025-04-18T04:44:21-07:00,6,51
projects\index.html,14,html,17761975,M3lvinzz,2025-04-18,04:44:21,-07:00,2025-04-18T04:44:21-07:00,6,69
projects\index.html,15,html,17761975,M3lvinzz,2025-04-18,04:44:21,-07:00,2025-04-18T04:44:21-07:00,6,52
projects\index.html,16,html,17761975,M3lvinzz,2025-04-18,04:44:21,-07:00,2025-04-18T04:44:21-07:00,6,72
projects\index.html,17,html,0850e583,M3lvinzz,2025-04-02,00:28:04,-07:00,2025-04-02T00:28:04-07:00,4,3
projects\index.html,18,html,17761975,M3lvinzz,2025-04-18,04:44:21,-07:00,2025-04-18T04:44:21-07:00,2,8
projects\index.html,19,html,002bb1bd,M3lvinzz,2025-04-25,19:48:24,-07:00,2025-04-25T19:48:24-07:00,2,61
projects\index.html,20,html,00000000,Not Committed Yet,2025-05-10,19:01:00,-07:00,2025-05-10T19:01:00-07:00,1,5
projects\index.html,21,html,00000000,Not Committed Yet,2025-05-10,19:01:00,-07:00,2025-05-10T19:01:00-07:00,1,4
projects\index.html,22,html,fb05114d,M3lvinzz,2025-04-04,22:46:52,-07:00,2025-04-04T22:46:52-07:00,2,15
projects\index.html,23,html,dd4c2e89,M3lvinzz,2025-05-02,23:29:53,-07:00,2025-05-02T23:29:53-07:00,2,21
projects\index.html,24,html,00000000,Not Committed Yet,2025-05-10,19:01:00,-07:00,2025-05-10T19:01:00-07:00,3,54
projects\index.html,25,html,00000000,Not Committed Yet,2025-05-10,19:01:00,-07:00,2025-05-10T19:01:00-07:00,3,22
projects\index.html,26,html,dd4c2e89,M3lvinzz,2025-05-02,23:29:53,-07:00,2025-05-02T23:29:53-07:00,2,4
projects\index.html,27,html,00000000,Not Committed Yet,2025-05-10,19:01:00,-07:00,2025-05-10T19:01:00-07:00,0,0
projects\index.html,28,html,dd4c2e89,M3lvinzz,2025-05-02,23:29:53,-07:00,2025-05-02T23:29:53-07:00,2,4
projects\index.html,29,html,00000000,Not Committed Yet,2025-05-10,19:01:00,-07:00,2025-05-10T19:01:00-07:00,3,15
projects\index.html,30,html,00000000,Not Committed Yet,2025-05-10,19:01:00,-07:00,2025-05-10T19:01:00-07:00,3,11
projects\index.html,31,html,00000000,Not Committed Yet,2025-05-10,19:01:00,-07:00,2025-05-10T19:01:00-07:00,3,26
projects\index.html,32,html,00000000,Not Committed Yet,2025-05-10,19:01:00,-07:00,2025-05-10T19:01:00-07:00,3,31
projects\index.html,33,html,dd4c2e89,M3lvinzz,2025-05-02,23:29:53,-07:00,2025-05-02T23:29:53-07:00,2,0
projects\index.html,34,html,dd4c2e89,M3lvinzz,2025-05-02,23:29:53,-07:00,2025-05-02T23:29:53-07:00,0,0
projects\index.html,35,html,254bc527,M3lvinzz,2025-04-11,19:39:09,-07:00,2025-04-11T19:39:09-07:00,2,20
projects\index.html,36,html,00000000,Not Committed Yet,2025-05-10,19:01:00,-07:00,2025-05-10T19:01:00-07:00,3,48
projects\index.html,37,html,00000000,Not Committed Yet,2025-05-10,19:01:00,-07:00,2025-05-10T19:01:00-07:00,3,47
projects\index.html,38,html,254bc527,M3lvinzz,2025-04-11,19:39:09,-07:00,2025-04-11T19:39:09-07:00,2,4
projects\index.html,39,html,00000000,Not Committed Yet,2025-05-10,19:01:00,-07:00,2025-05-10T19:01:00-07:00,1,5
projects\index.html,40,html,00000000,Not Committed Yet,2025-05-10,19:01:00,-07:00,2025-05-10T19:01:00-07:00,0,5
contact\index.html,1,html,0850e583,M3lvinzz,2025-04-02,00:28:04,-07:00,2025-04-02T00:28:04-07:00,0,13
contact\index.html,2,html,0850e583,M3lvinzz,2025-04-02,00:28:04,-07:00,2025-04-02T00:28:04-07:00,0,14
contact\index.html,3,html,00000000,Not Committed Yet,2025-05-10,19:01:04,-07:00,2025-05-10T19:01:04-07:00,1,4
contact\index.html,4,html,00000000,Not Committed Yet,2025-05-10,19:01:04,-07:00,2025-05-10T19:01:04-07:00,2,22
contact\index.html,5,html,00000000,Not Committed Yet,2025-05-10,19:01:04,-07:00,2025-05-10T19:01:04-07:00,2,70
contact\index.html,6,html,0850e583,M3lvinzz,2025-04-02,00:28:04,-07:00,2025-04-02T00:28:04-07:00,2,20
contact\index.html,7,html,00000000,Not Committed Yet,2025-05-10,19:01:04,-07:00,2025-05-10T19:01:04-07:00,0,0
contact\index.html,8,html,00000000,Not Committed Yet,2025-05-10,19:01:04,-07:00,2025-05-10T19:01:04-07:00,2,43
contact\index.html,9,html,0850e583,M3lvinzz,2025-04-02,00:28:04,-07:00,2025-04-02T00:28:04-07:00,0,0
contact\index.html,10,html,17761975,M3lvinzz,2025-04-18,04:44:21,-07:00,2025-04-18T04:44:21-07:00,2,8
contact\index.html,11,html,0850e583,M3lvinzz,2025-04-02,00:28:04,-07:00,2025-04-02T00:28:04-07:00,4,2
contact\index.html,12,html,17761975,M3lvinzz,2025-04-18,04:44:21,-07:00,2025-04-18T04:44:21-07:00,6,40
contact\index.html,13,html,17761975,M3lvinzz,2025-04-18,04:44:21,-07:00,2025-04-18T04:44:21-07:00,6,66
contact\index.html,14,html,17761975,M3lvinzz,2025-04-18,04:44:21,-07:00,2025-04-18T04:44:21-07:00,6,53
contact\index.html,15,html,17761975,M3lvinzz,2025-04-18,04:44:21,-07:00,2025-04-18T04:44:21-07:00,6,52
contact\index.html,16,html,17761975,M3lvinzz,2025-04-18,04:44:21,-07:00,2025-04-18T04:44:21-07:00,6,72
contact\index.html,17,html,0850e583,M3lvinzz,2025-04-02,00:28:04,-07:00,2025-04-02T00:28:04-07:00,4,3
contact\index.html,18,html,17761975,M3lvinzz,2025-04-18,04:44:21,-07:00,2025-04-18T04:44:21-07:00,2,8
contact\index.html,19,html,0850e583,M3lvinzz,2025-04-02,00:28:04,-07:00,2025-04-02T00:28:04-07:00,0,0
contact\index.html,20,html,0850e583,M3lvinzz,2025-04-02,00:28:04,-07:00,2025-04-02T00:28:04-07:00,2,18
contact\index.html,21,html,00000000,Not Committed Yet,2025-05-10,19:01:04,-07:00,2025-05-10T19:01:04-07:00,1,5
contact\index.html,22,html,00000000,Not Committed Yet,2025-05-10,19:01:04,-07:00,2025-05-10T19:01:04-07:00,1,4
contact\index.html,23,html,00000000,Not Committed Yet,2025-05-10,19:01:04,-07:00,2025-05-10T19:01:04-07:00,2,36
contact\index.html,24,html,00000000,Not Committed Yet,2025-05-10,19:01:04,-07:00,2025-05-10T19:01:04-07:00,3,45
contact\index.html,25,html,00000000,Not Committed Yet,2025-05-10,19:01:04,-07:00,2025-05-10T19:01:04-07:00,3,51
contact\index.html,26,html,00000000,Not Committed Yet,2025-05-10,19:01:04,-07:00,2025-05-10T19:01:04-07:00,3,21
contact\index.html,27,html,0850e583,M3lvinzz,2025-04-02,00:28:04,-07:00,2025-04-02T00:28:04-07:00,2,5
contact\index.html,28,html,00000000,Not Committed Yet,2025-05-10,19:01:04,-07:00,2025-05-10T19:01:04-07:00,2,48
contact\index.html,29,html,00000000,Not Committed Yet,2025-05-10,19:01:04,-07:00,2025-05-10T19:01:04-07:00,1,5
contact\index.html,30,html,00000000,Not Committed Yet,2025-05-10,19:01:04,-07:00,2025-05-10T19:01:04-07:00,0,5
